Location ID,Location Name,Hospital,"Aviva, Key List - Personal Care","Aviva, Key List - Select Care","Aviva, Key List - Children's","Aviva, Extended List - Express Care","Aviva, Extended List - Exclusive","Aviva, Extended List - Company Connect","Aviva, Extended List - Company Healthcover",Aviva - Fair & Square,Aviva - Speedy Diagnostics,Aviva - Capital Option List,Aviva -Trust Hospital List,IGNORE AFTER THIS COLUMN,"Personal Care, Select Care, Children's Private Medical Insurance","Express Care, Exclusive, Company Connect, Company Healthcover",T,Signature (Scotland & NI),Aviva - Capital Option,Country
,,Advanced Vision Care,1,1,1,1,1,1,1,,,1,,,1,1,,,,England
RCF22,Airedale General Hospital ,Airedale General Hospital - Ward 19,1,1,1,1,1,1,1,,,1,1,,1,1,1,,,England
1-118024670,Benenden Hospital ,Benenden Hospital,1,1,1,1,1,1,1,1,,1,,,1,1,,,,England
1-128758337,BMI Bishops Wood Hospital ,BMI Bishops Wood Hospital,1,1,1,1,1,1,1,1,1,1,1,,1,1,1,,,England
1-128758401,BMI Chelsfield Park Hospital ,BMI Chelsfield Park Hospital,1,1,1,1,1,1,1,1,1,1,,,1,1,,,,England
1-128758296,BMI Gisburne Park Hospital ,BMI Gisburne Park,1,1,1,1,1,1,1,1,1,1,,,1,1,,,,England
1-128766799,BMI Goring Hall Hospital ,BMI Goring Hall Hospital,1,1,1,1,1,1,1,1,1,1,,,1,1,,,,England
1-128766778,BMI Hendon Hospital ,BMI Hendon Hospital,1,1,1,1,1,1,1,1,1,1,,,1,1,,,,England
1-617694390,BMI Lincoln ,BMI Lincoln Hospital,1,1,1,1,1,1,1,1,1,1,,,1,1,,,,England
1-128767084,BMI The Park Hospital ,BMI Park Hospital,1,1,1,1,1,1,1,1,1,1,,,1,1,,,,England
1-128767211,BMI Sarum Road Hospital ,BMI Sarum Road Hospital,1,1,1,1,1,1,1,1,1,1,,,1,1,,,,England
1-128767270,BMI The Shirley Oaks Hospital ,BMI Shirley Oaks Hospital,1,1,1,1,1,1,1,1,1,1,,,1,1,,,,England
1-5462921034,BMI Southend Private Hospital ,BMI Southend Hospital,1,1,1,1,1,1,1,,1,1,,,1,1,,,,England
1-128767355,BMI St Edmunds Hospital ,BMI St. Edmunds Hospital,1,1,1,1,1,1,1,1,1,1,,,1,1,,,,England
1-128758569,BMI The Alexandra Hospital ,BMI The Alexandra Hospital,1,1,1,1,1,1,1,1,1,1,,,1,1,,,,England
1-128758255,BMI Bath Clinic ,BMI The Bath Clinic,1,1,1,1,1,1,1,1,1,1,,,1,1,,,,England
1-128758505,BMI The Beardwood Hospital ,BMI The Beardwood Hospital,1,1,1,1,1,1,1,1,1,1,,,1,1,,,,England
1-128758526,BMI The Beaumont Hospital ,BMI The Beaumont Hospital,1,1,1,1,1,1,1,1,1,1,,,1,1,,,,England
1-128758547,BMI The Blackheath Hospital ,BMI The Blackheath Hospital,1,1,1,1,1,1,1,1,1,1,,,1,1,,,,England
1-128758601,BMI The Cavell Hospital ,BMI The Cavell Hospital,1,1,1,1,1,1,1,1,1,1,1,,1,1,1,,,England
1-128758675,BMI The Chaucer Hospital ,BMI The Chaucer Hospital,1,1,1,1,1,1,1,1,1,1,,,1,1,,,,England
1-128758622,BMI The Chiltern Hospital ,BMI The Chiltern Hospital,1,1,1,1,1,1,1,1,1,1,,,1,1,,,,England
1-128758653,BMI The Clementine Churchill Hospital ,BMI The Clementine Churchill Hospital,1,1,1,1,1,1,1,1,1,1,,,1,1,,,,England
1-128758696,BMI The Droitwich Spa Hospital ,BMI The Droitwich Spa Private Hospital,1,1,1,1,1,1,1,1,1,1,,,1,1,,,,England
1-128766718,BMI The Duchy Hospital ,BMI The Duchy Hospital,1,1,1,1,1,1,1,1,1,1,,,1,1,,,,England
1-128758464,BMI The Edgbaston Hospital ,BMI The Edgbaston Hospital,1,1,1,1,1,1,1,1,1,1,,,1,1,,,,England
1-128766820,BMI The Hampshire Clinic ,BMI The Hampshire Clinic,1,1,1,1,1,1,1,1,1,1,,,1,1,,,,England
1-128766841,BMI The Harbour Hospital ,BMI The Harbour Hospital,1,1,1,1,1,1,1,1,1,1,1,,1,1,1,,,England
1-128766862,BMI The Highfield Hospital ,BMI The Highfield Hospital,1,1,1,1,1,1,1,1,1,1,,,1,1,,,,England
1-128766884,BMI The Huddersfield Hospital ,BMI The Huddersfield Hospital,1,1,1,1,1,1,1,1,1,1,,,1,1,,,,England
1-128766906,BMI The Kings Oak Hospital ,BMI The Kings Oak Hospital,1,1,1,1,1,1,1,1,1,1,1,,1,1,1,,,England
1-128766928,BMI The Lancaster Hospital ,BMI The Lancaster Hospital,1,1,1,1,1,1,1,1,1,1,,,1,1,,,,England
1-128766965,BMI The London Independent Hospital ,BMI The London Independent Hospital,1,1,1,1,1,1,1,1,1,1,,,1,1,,,,England
1-128767002,BMI The Manor Hospital ,BMI The Manor Hospital,1,1,1,1,1,1,1,1,1,1,,,1,1,,,,England
1-128767023,BMI The Meriden Hospital ,BMI The Meriden Hospital,1,1,1,1,1,1,1,1,1,1,1,,1,1,1,,,England
1-128767105,BMI The Princess Margaret Hospital ,BMI The Princess Margaret Hospital,1,1,1,1,1,1,1,1,,1,,,1,1,,,,England
1-128767127,BMI The Priory Hospital ,BMI The Priory Hospital,1,1,1,1,1,1,1,1,1,1,,,1,1,,,,England
1-128767148,BMI The Ridgeway Hospital ,BMI The Ridgeway Hospital,1,1,1,1,1,1,1,1,1,1,,,1,1,,,,England
1-128767168,BMI The Runnymede Hospital ,BMI The Runnymede Hospital,1,1,1,1,1,1,1,1,1,1,1,,1,1,1,,,England
1-128767190,BMI The Sandringham Hospital ,BMI The Sandringham Hopital,1,1,1,1,1,1,1,1,1,1,1,,1,1,1,,,England
1-128767232,BMI The Saxon Clinic ,BMI The Saxon Clinic,1,1,1,1,1,1,1,1,1,1,,,1,1,,,,England
1-128767252,BMI The Shelburne Hospital ,BMI The Shelburne Hospital,1,1,1,1,1,1,1,1,1,1,1,,1,1,1,,,England
1-128767290,BMI The Sloane Hospital ,BMI The Sloane Hospital,1,1,1,1,1,1,1,1,1,1,,,1,1,,,,England
1-128767334,BMI The South Cheshire Hospital ,BMI The South Cheshire Private Hospital,1,1,1,1,1,1,1,1,1,1,1,,1,1,1,,,England
1-128767375,BMI Thornbury Hospital ,BMI Thornbury Hospital,1,1,1,1,1,1,1,1,1,1,,,1,1,,,,England
1-2079393249,BMI Three Shires Hospital ,BMI Three Shires Hospital,1,1,1,1,1,1,1,1,1,1,,,1,1,,,,England
1-128767396,BMI The Winterbourne Hospital ,BMI Winterbourne Hospital,1,1,1,1,1,1,1,1,1,1,,,1,1,,,,England
1-128767416,BMI Woodlands Hospital ,BMI Woodlands Hospital,1,1,1,1,1,1,1,,1,1,,,1,1,,,,England
RAE01,Bradford Royal Infirmary ,Bradford Royal Infirmary - York Suite,1,1,1,1,1,1,1,,1,1,1,,1,1,1,,,England
1-130440888,BUPA Cromwell Hospital ,Bupa Cromwell Hospital,1,1,1,1,1,1,1,,1,,,,1,1,,,C,England
RYJ02,Charing Cross Hospital ,Charing Cross Hospital,1,1,1,1,1,1,1,,1,1,1,,1,1,1,,,England
RQM01,Chelsea and Westminster Hospital ,Chelsea & Westminster Hospital - Chelsea Wing,1,1,1,1,1,1,1,,1,1,1,,1,1,1,,,England
1-336444251,The Christie Clinic ,Christie Hospital - The Christie Clinic,S,S,S,S,S,S,S,,,1,S,,S,S,S,,,England
1-119269999,Circle Hospital (Bath) Ltd ,Circle Bath Hospital,1,1,1,1,1,1,1,,1,1,,,1,1,,,,England
1-445725083,Circle Reading ,Circle Reading Hospital,1,1,1,1,1,1,1,,1,1,,,1,1,,,,England
1-1890547322,Claremont Hospital ,Claremont Private Hospital,1,1,1,1,1,1,1,,1,1,,,1,1,,,,England
RXC02,Eastbourne District General Hospital ,Eastbourne District General Hospital - Michelham,1,1,1,1,1,1,1,1,1,1,1,,1,1,1,,,England
1-114621322,Fairfield Independent Hospital ,Fairfield Independent Hospital,1,1,1,1,1,1,1,,1,1,,,1,1,,,,England
1-115172463,The Foscote Private Hospital ,Foscote Private Hospital,1,1,1,1,1,1,1,,,1,,,1,1,,,,England
RDU01,Frimley Park Hospital ,Frimley Park Hospital - Parkside Suite,1,1,1,1,1,1,1,,1,1,1,,1,1,1,,,England
RP401,Great Ormond Street Hospital ,Great Ormond Street Children's Hospital - International and Private Patients' Wing,S,S,S,S,S,S,S,,,,S,,S,S,S,,C,England
RAL80,Hadley Wood Hospital ,Hadley Wood Hospital - Royal Free,1,1,1,1,1,1,1,,1,1,1,,1,1,1,,,England
RYJ03,Hammersmith Hospitals ,Hammersmith Hospital,1,1,1,1,1,1,1,,1,,1,,1,1,1,,C,England
RT301,Harefield Hospital ,Harefield Hospital - Private Patients’ Unit,S,S,S,S,S,S,S,,,1,S,,S,S,S,,,England
RF4QH,Queen's Hospital ,Harley Street at Queen’s Hospital,1,1,1,1,1,1,1,,,1,,,1,1,,,,England
1-126955771,The Harley Street Clinic ,Harley Street Clinic,,,,1,1,1,1,1,,C,,,,1,,,1,England
RCD01,Harrogate District Hospital ,Harrogate District Hospital - Harlow Ward,1,1,1,1,1,1,1,,1,1,1,,1,1,1,,,England
1-126955790,HCA Healthcare UK at University College Hospital ,HCA Healthcare UK at University College Hospital,S,S,S,S,S,S,S,,,1,,,S,S,,,,England
RGP75,James Paget Hospital ,James Paget Hospital - Charnwood Suite,1,1,1,1,1,1,1,,1,1,1,,1,1,1,,,England
1-1285831303,KIMS Hospital ,KIMS Hospital Limited,1,1,1,1,1,1,1,,1,1,,,1,1,,,,England
RAX01,Kingston Hospital ,Kingston Hospital - The Coombe Wing,1,1,1,1,1,1,1,,,1,1,,1,1,1,,,England
1-126955884,The Lister Hospital ,Lister Hospital,,,,1,1,1,1,1,,C,,,,1,,,1,England
REP01,Liverpool Women's Hospital ,Liverpool Women’s Hospital,S,S,S,S,S,S,S,,,,S,,S,S,S,,C,England
1-126955902,The London Bridge Hospital ,London Bridge Hospital,,,,1,1,1,1,1,,C,,,,1,,,1,England
RJ121,Guy's Hospital ,London Bridge Hospital at Guy's,S,S,S,S,S,S,S,,,1,,,S,S,,,,England
1-114617347,The London Clinic ,London Clinic,1,1,1,1,1,1,1,,,,,,1,1,,,C,England
RC971,Luton and Dunstable Hospital ,Luton & Dunstable Hospital - Cobham Clinic,1,1,1,1,1,1,1,,1,,1,,1,1,1,,C,England
R0A02,Manchester Royal Infirmary ,Manchester Royal Infirmary,1,1,1,1,1,1,1,,1,1,,,1,1,,,,England
RP601,Moorfields Eye Hospital ,Moorfields Eye Hospital - Cumberlege Wing,S,S,S,S,S,S,S,,,C,S,,S,S,S,,,England
RRVNQ,The National Hospital for Neurology and Neurosurgery ,National Hospital for Neurology & Neurosurgery,S,S,S,S,S,S,S,,,C,S,,S,S,S,,,England
1-250423066,The New Malden Diagnostic Centre ,New Malden Diagnostic Centre,,,,1,1,1,1,,,,,,,1,,,1,England
1-108386437,The New Victoria Hospital ,New Victoria Hospital,1,1,1,1,1,1,1,,,1,,,1,1,,,,England
RBZ12,North Devon District Hospital ,North Devon District Hospital - Roborough Suite,1,1,1,1,1,1,1,,1,1,1,,1,1,1,,,England
RN506,Basingstoke and North Hampshire Hospital ,North Hampshire Hospital,1,1,1,1,1,1,1,,,1,1,,1,1,1,,,England
R1K01,Northwick Park Hospital ,Northwick Park & St.Marks Hospitals,1,1,1,1,1,1,1,,,1,1,,1,1,1,,,England
1-764278383,Nova Healthcare ,Nova Healthcare,1,1,1,1,1,1,1,,,1,,,1,1,,,,England
1-115574313,Nuffield Health Bournemouth Hospital ,Nuffield Health Bournemouth Hospital,1,1,1,1,1,1,1,1,,1,,,1,1,,,,England
1-115574336,Nuffield Health Brentwood Hospital ,Nuffield Health Brentwood Hospital,1,1,1,1,1,1,1,1,1,1,,,1,1,,,,England
1-115574357,Nuffield Health Brighton Hospital ,Nuffield Health Brighton Hospital,1,1,1,1,1,1,1,1,1,1,,,1,1,,,,England
1-918228984,Nuffield Health Bristol Hospital - The Chesterfield ,Nuffield Health Bristol Hospital - The Chesterfield,1,1,1,1,1,1,1,1,1,1,,,1,1,,,,England
1-115574398,Nuffield Health Cambridge Hospital ,Nuffield Health Cambridge Hospital,1,1,1,1,1,1,1,1,1,1,,,1,1,,,,England
1-115574419,Nuffield Health Cheltenham Hospital ,Nuffield Health Cheltenham Hospital,1,1,1,1,1,1,1,1,1,1,,,1,1,,,,England
1-115574439,Nuffield Health Chichester Hospital ,Nuffield Health Chichester Hospital,1,1,1,1,1,1,1,1,1,1,,,1,1,,,,England
1-115574458,Nuffield Health Derby Hospital ,Nuffield Health Derby Hospital,1,1,1,1,1,1,1,1,1,1,,,1,1,,,,England
1-115574477,Nuffield Health Exeter Hospital ,Nuffield Health Exeter Hospital,1,1,1,1,1,1,1,1,1,1,,,1,1,,,,England
1-115574737,Nuffield Health The Grosvenor Hospital Chester ,Nuffield Health Grosvenor Hospital (Chester),1,1,1,1,1,1,1,1,1,1,,,1,1,,,,England
1-115574498,Nuffield Health Guildford Hospital ,Nuffield Health Guildford Hospital,1,1,1,1,1,1,1,1,,1,,,1,1,,,,England
1-115574818,Nuffield Health Wessex Hospital ,Nuffield Health Hampshire/ Wessex Hospital,1,1,1,1,1,1,1,1,,1,,,1,1,,,,England
1-115574517,Nuffield Health Haywards Heath Hospital ,Nuffield Health Haywards Heath Hospital,1,1,1,1,1,1,1,1,1,1,,,1,1,,,,England
1-115574537,Nuffield Health Hereford Hospital ,Nuffield Health Hereford Hospital,1,1,1,1,1,1,1,1,1,1,,,1,1,,,,England
1-115574557,Nuffield Health Ipswich Hospital ,Nuffield Health Ipswich Hospital,1,1,1,1,1,1,1,1,1,1,,,1,1,,,,England
1-115574578,Nuffield Health Leeds Hospital ,Nuffield Health Leeds Hospital,1,1,1,1,1,1,1,1,1,1,,,1,1,,,,England
1-115574597,Nuffield Health Leicester Hospital ,Nuffield Health Leicester Hospital,1,1,1,1,1,1,1,1,,1,,,1,1,,,,England
1-115574757,Nuffield Health The Manor Hospital Oxford ,Nuffield Health Manor Hosp Oxford,1,1,1,1,1,1,1,1,1,1,,,1,1,,,,England
1-115574618,Nuffield Health Newcastle-upon-Tyne Hospital ,Nuffield Health Newcastle-upon-Tyne Hospital,1,1,1,1,1,1,1,1,1,1,,,1,1,,,,England
1-115574639,Nuffield Health North Staffordshire Hospital ,Nuffield Health North Staffordshire Hospital,1,1,1,1,1,1,1,1,1,1,,,1,1,,,,England
1-115574658,Nuffield Health Plymouth Hospital ,Nuffield Health Plymouth Hospital,1,1,1,1,1,1,1,1,1,1,,,1,1,,,,England
1-115574678,Nuffield Health Shrewsbury Hospital ,Nuffield Health Shrewsbury Hospital,1,1,1,1,1,1,1,1,1,1,,,1,1,,,,England
1-115574698,Nuffield Health Taunton Hospital ,Nuffield Health Taunton Hospital,1,1,1,1,1,1,1,1,1,1,,,1,1,,,,England
1-115574718,Nuffield Health Tees Hospital ,Nuffield Health Tees Hospital,1,1,1,1,1,1,1,1,,1,,,1,1,,,,England
1-115574778,Nuffield Health Tunbridge Wells Hospital ,Nuffield Health Tunbridge Wells Hospital,1,1,1,1,1,1,1,1,1,1,,,1,1,,,,England
1-115574798,Nuffield Health Warwickshire Hospital ,Nuffield Health Warwickshire Hospital,1,1,1,1,1,1,1,1,1,1,,,1,1,,,,England
1-115574838,Nuffield Health Woking Hospital ,Nuffield Health Woking Hospital,1,1,1,1,1,1,1,1,,1,,,1,1,,,,England
1-115574857,Nuffield Health Wolverhampton Hospital ,Nuffield Health Wolverhampton Hospital,1,1,1,1,1,1,1,1,1,1,,,1,1,,,,England
1-115574877,Nuffield Health York Hospital ,Nuffield Health York Hospital,1,1,1,1,1,1,1,1,1,1,,,1,1,,,,England
1-2444342125,One Ashford Hospital ,One Ashford Hospital,1,1,1,1,1,1,1,,,1,,,1,1,,,,England
1-4564871196,One Hatfield Hospital Ltd ,One Hatfield,1,1,1,1,1,1,1,,,1,,,1,1,,,,England
RGM21,Papworth Hospital ,Papworth Hospital - Varrier Jones Ward,S,S,S,S,S,S,S,,,1,S,,S,S,S,,,England
1-1890547068,Parkside Hospital ,Parkside Hospital,1,1,1,1,1,1,1,1,1,1,,,1,1,,,,England
1-126955917,The Portland Hospital for Women and Children ,Portland Hospital for Women & Children (HCA),,,,1,1,1,1,1,,C,,,,1,,,1,England
1-126955732,The Princess Grace Hospital ,Princess Grace Hospital,,,,1,1,1,1,1,,C,,,,1,,,1,England
RHU03,Queen Alexandra Hospital ,Queen Alexandra Hospital,1,1,1,1,1,1,1,,,1,1,,1,1,1,,,England
RYJ04,Queen Charlottes and Chelsea Hospital ,Queen Charlottes and Chelsea Hospital,1,1,1,1,1,1,1,,,1,,,1,1,,,,England
1-128718687,Ashtead Hospital ,Ramsay Ashtead Hospital,1,1,1,1,1,1,1,1,1,1,,,1,1,,,,England
1-128733141,The Berkshire Independent Hospital ,Ramsay Berkshire Independent Hospital,1,1,1,1,1,1,1,1,1,1,,,1,1,,,,England
1-128732707,Duchy Hospital ,Ramsay Duchy Hospital,1,1,1,1,1,1,1,1,1,1,,,1,1,,,,England
1-128732725,Euxton Hall Hospital ,Ramsay Euxton Hall,1,1,1,1,1,1,1,1,1,1,,,1,1,,,,England
1-128732743,Fitzwilliam Hospital ,Ramsay Fitzwilliam Hospital,1,1,1,1,1,1,1,1,1,1,,,1,1,,,,England
1-128732946,Fulwood Hall Hospital ,Ramsay Fulwood Hospital,1,1,1,1,1,1,1,1,1,1,,,1,1,,,,England
1-128758296,BMI Gisburne Park Hospital ,Ramsay Gisburn Park,1,1,1,1,1,1,1,1,1,1,,,1,1,,,,England
1-128732982,Mount Stuart Hospital ,Ramsay Mount Stuart Hospital,1,1,1,1,1,1,1,1,1,1,,,1,1,,,,England
1-128732997,New Hall Hospital ,Ramsay New Hall Hospital,1,1,1,1,1,1,1,1,1,1,,,1,1,,,,England
1-128733015,North Downs Hospital ,Ramsay North Downs Hospital,1,1,1,1,1,1,1,1,1,1,,,1,1,,,,England
1-128733032,Oaklands Hospital ,Ramsay Oaklands Hospital,1,1,1,1,1,1,1,1,1,1,,,1,1,,,,England
1-128733050,Oaks Hospital ,Ramsay Oaks Hospital,1,1,1,1,1,1,1,1,1,1,,,1,1,,,,England
,,Ramsay Orwell Prvt Cardio - Thorc Unit,,,,,,,,,,,S,,,,S,,1,England
1-138502307,Park Hill Hospital ,Ramsay Park Hill Hospital,1,1,1,1,1,1,1,1,1,1,1,,1,1,1,,,England
1-128733068,Pinehill Hospital ,Ramsay Pinehill Hospital,1,1,1,1,1,1,1,1,1,1,,,1,1,,,,England
1-128733087,Renacres Hospital ,Ramsay Renacres Hospital,1,1,1,1,1,1,1,1,1,1,,,1,1,,,,England
1-128733105,Rivers Hospital ,Ramsay Rivers Hospital,1,1,1,1,1,1,1,1,1,1,,,1,1,,,,England
1-128732964,Rowley Hall Hospital ,Ramsay Rowley Hospital,1,1,1,1,1,1,1,1,1,1,,,1,1,,,,England
1-128733123,Springfield Hospital ,Ramsay Springfield Hospital,1,1,1,1,1,1,1,1,1,1,,,1,1,,,,England
1-128733177,West Midlands Hospital ,Ramsay West Midlands Hospital,1,1,1,1,1,1,1,1,,1,,,1,1,,,,England
1-128733195,Winfield Hospital ,Ramsay Winfield Hospital,1,1,1,1,1,1,1,1,1,1,,,1,1,,,,England
1-128733213,Woodland Hospital ,Ramsay Woodland Hospital,1,1,1,1,1,1,1,1,1,1,,,1,1,,,,England
1-128733159,The Yorkshire Clinic ,Ramsay Yorkshire Clinic,1,1,1,1,1,1,1,1,1,1,,,1,1,,,,England
RL131,The Robert Jones & Agnes Hunt Hospital ,Robert Jones and Agnes Hunt Orthopaedic Hospital - Ludlow Wa,S,S,S,S,S,S,S,,,1,S,,S,S,S,,,England
RT302,Royal Brompton Hospital ,Royal Brompton National Heart and Lung Hospital - Sir Reginald Wilson Ward,S,S,S,S,S,S,S,,,1,S,,S,S,S,,,England
RTGFG,Royal Derby Hospital ,Royal Derby Hospital,1,1,1,1,1,1,1,,,1,1,,1,1,1,,,England
RAL01,The Royal Free Hospital ,Royal Free Hospital,1,1,1,1,1,1,1,,1,1,1,,1,1,1,,,England
RPY01,The Royal Marsden - London ,Royal Marsden Hospital - Granard House,S,S,S,S,S,S,S,,,1,S,,S,S,S,,,England
RPY02,The Royal Marsden - Sutton ,Royal Marsden Hospital (Sutton),S,S,S,S,S,S,S,,,1,S,,S,S,S,,,England
RAN01,The Royal National Orthopaedic Hospital (Stanmore) ,Royal National Orthopaedic Hospital - Ian Monro/Philip Newman Wards,S,S,S,S,S,S,S,,,1,S,,S,S,S,,,England
RTD02,Royal Victoria Infirmary ,Royal Victoria Infirmary - The Park Suite,1,1,1,1,1,1,1,,1,1,1,,1,1,1,,,England
,,Schoen Clinic London,,,,S,S,S,S,,,,,,,S,,,1,England
1-118822952,Spencer Private Hospital ,Spencer Private Hospital,1,1,1,1,1,1,1,,1,1,,,1,1,,,,England
1-129783078,Spire Alexandra Hospital ,Spire Alexandra Hospital,1,1,1,1,1,1,1,,1,1,,,1,1,,,,England
1-129783097,Spire Bristol Hospital ,Spire Bristol Hospital,1,1,1,1,1,1,1,,1,1,,,1,1,,,,England
1-129798115,Spire Bushey Hospital ,Spire Bushey Hospital,1,1,1,1,1,1,1,,1,1,,,1,1,,,,England
1-129798134,Spire Cambridge Lea Hospital ,Spire Cambridge Lea Hospital,1,1,1,1,1,1,1,1,1,1,,,1,1,,,,England
1-129798153,Spire Cheshire Hospital ,Spire Cheshire Hospital,1,1,1,1,1,1,1,,1,1,,,1,1,,,,England
1-2745447408,Spire Clare Park Hospital ,Spire Clare Park Hospital,1,1,1,1,1,1,1,,,1,,,1,1,,,,England
1-2745284068,Spire Dunedin Hospital ,Spire Dunedin Hospital,1,1,1,1,1,1,1,,,1,,,1,1,,,,England
1-2745680580,Spire Elland Hospital Including Longlands Consulting Rooms ,Spire Elland Hospital,1,1,1,1,1,1,1,,,1,,,1,1,,,,England
1-2745681065,Spire Fylde Coast Hospital ,Spire Fylde Coast Hospital,1,1,1,1,1,1,1,1,1,1,,,1,1,,,,England
1-129798171,Spire Gatwick Park Hospital ,Spire Gatwick Park Hospital,1,1,1,1,1,1,1,1,1,1,,,1,1,,,,England
1-129798190,Spire Harpenden Hospital ,Spire Harpenden Hospital,1,1,1,1,1,1,1,,,1,,,1,1,,,,England
1-129798209,Spire Hartswood Hospital ,Spire Hartswood Hospital,1,1,1,1,1,1,1,,,1,,,1,1,,,,England
1-2745570008,Spire Hull & East Riding Hospital ,Spire Hull & East Riding Hospital,1,1,1,1,1,1,1,,,1,,,1,1,,,,England
1-129798228,Spire Leeds Hospital ,Spire Leeds Hospital,1,1,1,1,1,1,1,,,1,,,1,1,,,,England
1-129798247,Spire Leicester Hospital ,Spire Leicester Hospital,1,1,1,1,1,1,1,,,1,,,1,1,,,,England
1-129798265,Spire Little Aston Hospital ,Spire Little Aston Hospital,1,1,1,1,1,1,1,,,1,,,1,1,,,,England
1-2745411269,Spire Liverpool Hospital ,Spire Liverpool Hospital,1,1,1,1,1,1,1,1,1,1,,,1,1,,,,England
1-129798374,Spire London East Hospital ,Spire London East Hospital,1,1,1,1,1,1,1,,1,1,,,1,1,,,,England
1-3075405928,Spire Manchester Hospital ,Spire Manchester Hospital,1,1,1,1,1,1,1,,,1,,,1,1,,,,England
1-2745185984,Spire Methley Park Hospital ,Spire Methley Park Hospital,1,1,1,1,1,1,1,,,1,,,1,1,,,,England
1-523658550,The Montefiore Hospital ,Spire Montefiore Hospital,1,1,1,1,1,1,1,,,1,,,1,1,,,,England
1-129798303,Spire Murrayfield Hospital ,Spire Murrayfield Hospital,1,1,1,1,1,1,1,1,1,1,,,1,1,,,,England
1-129798322,Spire Norwich Hospital ,Spire Norwich Hospital,1,1,1,1,1,1,1,1,1,1,,,1,1,,,,England
1-3222321660,Spire Nottingham Hospital ,Spire Nottingham Hospital,1,1,1,1,1,1,1,,1,1,,,1,1,,,,England
1-129798341,Spire Parkway Hospital ,Spire Parkway Hospital,1,1,1,1,1,1,1,,,1,,,1,1,,,,England
1-129798357,Spire Portsmouth Hospital ,Spire Portsmouth Hospital,1,1,1,1,1,1,1,1,1,1,,,1,1,,,,England
1-2745329906,Spire Regency Hospital ,Spire Regency Hospital,1,1,1,1,1,1,1,,,1,,,1,1,,,,England
1-129798393,Spire South Bank Hospital ,Spire South Bank Hospital,1,1,1,1,1,1,1,,,1,,,1,1,,,,England
1-129798412,Spire Southampton Hospital ,Spire Southampton Hospital,1,1,1,1,1,1,1,,,,,,1,1,,,C,England
1-1382018165,St Anthony's Hospital ,Spire St Anthony's Hospital,1,1,1,1,1,1,1,,,1,,,1,1,,,,England
1-129798431,Spire Sussex Hospital ,Spire Sussex Hospital,1,1,1,1,1,1,1,1,1,1,1,,1,1,1,,,England
1-2745569338,Spire Thames Valley Hospital ,Spire Thames Valley Hospital,1,1,1,1,1,1,1,1,1,1,,,1,1,,,,England
1-129798450,Spire Tunbridge Wells Hospital ,Spire Tunbridge Wells Hospital,1,1,1,1,1,1,1,,,1,,,1,1,,,,England
1-129798468,Spire Washington Hospital ,Spire Washington Hospital,1,1,1,1,1,1,1,,1,1,,,1,1,,,,England
1-129798487,Spire Wellesley Hospital ,Spire Wellesley Hospital,1,1,1,1,1,1,1,1,1,1,,,1,1,,,,England
1-112968810,St Hugh's Hospital ,St Hugh’s Hospital,1,1,1,1,1,1,1,,,1,,,1,1,,,,England
RYJ01,St Mary's Hospital ,St Mary's Hospital - Lindo Wing,1,1,1,1,1,1,1,,1,C,1,,1,1,1,,,England
RYR16,St Richard's Hospital ,St Richard’s Hospital - The Chichester Suite,1,1,1,1,1,1,1,,1,1,1,,1,1,1,,,England
RJ122,St Thomas' Hospital ,St Thomas' Hospital - Westminster Suite,1,1,1,1,1,1,1,,1,1,1,,1,1,1,,,England
RBA11,Musgrove Park Hospital ,Taunton & Somerset Hospital - Parkside Suite,1,1,1,1,1,1,1,,1,1,1,,1,1,1,,,England
1-2112545028,Bridgewater Wellness Clinic ,The Bridgewater Hospital,1,1,1,1,1,1,1,,,1,,,1,1,,,,England
RN325,Great Western Hospital ,The Great Western Hopital - The Shalbourne Suite,1,1,1,1,1,1,1,,1,1,1,,1,1,1,,,England
1-1890528285,The Holly Private Hospital ,The Holly Private Hospital,1,1,1,1,1,1,1,1,,1,,,1,1,,,,England
1-109183027,Horder Healthcare ,The Horder Centre,S,S,S,S,S,S,S,,,1,S,,S,S,S,,,England
RBQHQ,Liverpool Heart and Chest Hospital ,The Liverpool Heart & Chest Hospital,S,S,S,S,S,S,S,,,1,S,,S,S,S,,,England
1-2115222657,"The Mcindoe Centre, Part of Horder Healthcare ",The McIndoe Centre,1,1,1,1,1,1,1,,,1,,,1,1,,,,England
RWFTW,The Tunbridge Wells Hospital at Pembury ,Tunbridge Wells Hospital - The Wells Suite,1,1,1,1,1,1,1,,,1,1,,1,1,1,,,England
1-126955711,The Wellington Hospital ,Wellington Hospital,,,,1,1,1,1,1,,C,,,,1,,,1,England
RNLBX,West Cumberland Hospital ,West Cumberland Hospital - Cumbrian Clinic,1,1,1,1,1,1,1,,1,1,1,,1,1,1,,,England
RA301,Weston General Hospital ,Weston General Hospital - Waterside Suite,1,1,1,1,1,1,1,,1,1,1,,1,1,1,,,England
RDU50,Wexham Park Hospital ,Wexham Park Hospital - Paragon Suite,1,1,1,1,1,1,1,,1,1,1,,1,1,1,,,England
1-129508000,Weymouth Hospital ,Weymouth Street Hospital,1,1,1,1,1,1,1,,1,1,,,1,1,,,,England
1-1512006286,Woodthorpe Hospital ,Woodthorpe Hospital,1,1,1,1,1,1,1,1,1,1,,,1,1,,,,England
RRF53,Wrightington Hospital ,Wrightington Hospital - John Charnley Wing,S,S,S,S,S,S,S,,,1,S,,S,S,S,,,England
RA430,Yeovil District Hospital ,Yeovil Distric Hospital - Kingston Ward,1,1,1,1,1,1,1,,1,1,1,,1,1,1,,,England
,,General Hospital (Jersey),1,1,1,1,1,1,1,,,1,,,1,1,,,,Channel Islands
,,Princess Elizabeth Hospital (Guernsey),1,1,1,1,1,1,1,,,1,,,1,1,,,,Channel Islands
,,Ballykelly (NI),1,1,1,1,1,1,1,,1,1,,,1,1,,1,,NI
,,Belfast (NI),1,1,1,1,1,1,1,,1,1,,,1,1,,1,,NI
,,Kingsbridge Private Hospital,1,1,1,1,1,1,1,,1,1,,,1,1,,1,,NI
,,North West Independent Clinic (NI),1,1,1,1,1,1,1,,1,1,,,1,1,,1,,NI
,,Ulster Independent Clinic (NI),1,1,1,1,1,1,1,,1,1,,,1,1,,1,,NI
,,BMI Carrick Glen,1,1,1,1,1,1,1,1,1,1,,,1,1,,1,,Scotland
,,BMI King's Park,1,1,1,1,1,1,1,,1,1,,,1,1,,1,,Scotland
,,BMI Ross Hall Hospital,1,1,1,1,1,1,1,1,1,1,,,1,1,,1,,Scotland
,,BMI The Albyn Hospital,1,1,1,1,1,1,1,1,1,1,,,1,1,,1,,Scotland
,,Nuffield Health Glasgow Hospital,1,1,1,1,1,1,1,1,1,1,,,1,1,,1,,Scotland
,,Spire Murrayfield Hospital,1,1,1,1,1,1,1,1,1,1,,,1,1,,1,,Scotland
,,BMI Wendale Private Hospital,1,1,1,1,1,1,1,1,1,1,,,1,1,,,,Wales
,,Nuffield Health Vale Hospital,1,1,1,1,1,1,1,,,1,,,1,1,,,,Wales
,,Princes of Wales Hospital - The Bridgend Clinic,1,1,1,1,1,1,1,,1,1,1,,1,1,1,,,Wales
,,Sancta Maria Private Hospital,1,1,1,1,1,1,1,,1,1,,,1,1,,,,Wales
,,Spire Cardiff Hospital,1,1,1,1,1,1,1,1,1,1,,,1,1,,,,Wales
,,Spire Yale Hospital,1,1,1,1,1,1,1,,1,1,,,1,1,,,,Wales
,,St Joseph's Private Hospital,1,1,1,1,1,1,1,,1,1,,,1,1,,,,Wales
