YearMonth,Org Code,Organisation Name,Total Responses,Total Eligible,Percentage Recommended - OP,Percentage Recommended (n) - OP,Matched Hospital Code,Matched Trust Code
201902,ADP,KIMS HOSPITAL,158,2845,100%,100% (158),ADP02,ADP
201902,NCR,ISIGHT,55,476,98.20%,98.2% (55),NCR,NCR
201902,NEY,PIONEER HEALTHCARE LIMITED,94,164,100%,100% (94),NEY01,NEY
201902,NQT,VIRGIN CARE LTD,730,208,98.20%,98.2% (730),NQT5K,NQT
201902,NQT,VIRGIN CARE LTD,730,208,98.20%,98.2% (730),NQTH0,NQT
201902,NT2,NUFFIELD HEALTH,56,7596,98.20%,98.2% (56),NT202,NT2
201902,NT2,NUFFIELD HEALTH,56,7596,98.20%,98.2% (56),NT204,NT2
201902,NT2,NUFFIELD HEALTH,56,7596,98.20%,98.2% (56),NT205,NT2
201902,NT2,NUFFIELD HEALTH,56,7596,98.20%,98.2% (56),NT206,NT2
201902,NT2,NUFFIELD HEALTH,56,7596,98.20%,98.2% (56),NT209,NT2
201902,NT2,NUFFIELD HEALTH,56,7596,98.20%,98.2% (56),NT210,NT2
201902,NT2,NUFFIELD HEALTH,56,7596,98.20%,98.2% (56),NT211,NT2
201902,NT2,NUFFIELD HEALTH,56,7596,98.20%,98.2% (56),NT212,NT2
201902,NT2,NUFFIELD HEALTH,56,7596,98.20%,98.2% (56),NT213,NT2
201902,NT2,NUFFIELD HEALTH,56,7596,98.20%,98.2% (56),NT214,NT2
201902,NT2,NUFFIELD HEALTH,56,7596,98.20%,98.2% (56),NT215,NT2
201902,NT2,NUFFIELD HEALTH,56,7596,98.20%,98.2% (56),NT216,NT2
201902,NT2,NUFFIELD HEALTH,56,7596,98.20%,98.2% (56),NT218,NT2
201902,NT2,NUFFIELD HEALTH,56,7596,98.20%,98.2% (56),NT219,NT2
201902,NT2,NUFFIELD HEALTH,56,7596,98.20%,98.2% (56),NT222,NT2
201902,NT2,NUFFIELD HEALTH,56,7596,98.20%,98.2% (56),NT224,NT2
201902,NT2,NUFFIELD HEALTH,56,7596,98.20%,98.2% (56),NT225,NT2
201902,NT2,NUFFIELD HEALTH,56,7596,98.20%,98.2% (56),NT226,NT2
201902,NT2,NUFFIELD HEALTH,56,7596,98.20%,98.2% (56),NT229,NT2
201902,NT2,NUFFIELD HEALTH,56,7596,98.20%,98.2% (56),NT230,NT2
201902,NT2,NUFFIELD HEALTH,56,7596,98.20%,98.2% (56),NT233,NT2
201902,NT2,NUFFIELD HEALTH,56,7596,98.20%,98.2% (56),NT235,NT2
201902,NT2,NUFFIELD HEALTH,56,7596,98.20%,98.2% (56),NT237,NT2
201902,NT2,NUFFIELD HEALTH,56,7596,98.20%,98.2% (56),NT238,NT2
201902,NT2,NUFFIELD HEALTH,56,7596,98.20%,98.2% (56),NT239,NT2
201902,NT2,NUFFIELD HEALTH,56,7596,98.20%,98.2% (56),NT241,NT2
201902,NT2,NUFFIELD HEALTH,56,7596,98.20%,98.2% (56),NT242,NT2
201902,NT2,NUFFIELD HEALTH,56,7596,98.20%,98.2% (56),NT244,NT2
201902,NT2,NUFFIELD HEALTH,56,7596,98.20%,98.2% (56),NT245,NT2
201902,NT3,SPIRE HEALTHCARE,1226,33444,96.40%,96.4% (1226),NT301,NT3
201902,NT3,SPIRE HEALTHCARE,1226,33444,96.40%,96.4% (1226),NT302,NT3
201902,NT3,SPIRE HEALTHCARE,1226,33444,96.40%,96.4% (1226),NT304,NT3
201902,NT3,SPIRE HEALTHCARE,1226,33444,96.40%,96.4% (1226),NT305,NT3
201902,NT3,SPIRE HEALTHCARE,1226,33444,96.40%,96.4% (1226),NT308,NT3
201902,NT3,SPIRE HEALTHCARE,1226,33444,96.40%,96.4% (1226),NT309,NT3
201902,NT3,SPIRE HEALTHCARE,1226,33444,96.40%,96.4% (1226),NT30A,NT3
201902,NT3,SPIRE HEALTHCARE,1226,33444,96.40%,96.4% (1226),NT30L,NT3
201902,NT3,SPIRE HEALTHCARE,1226,33444,96.40%,96.4% (1226),NT310,NT3
201902,NT3,SPIRE HEALTHCARE,1226,33444,96.40%,96.4% (1226),NT312,NT3
201902,NT3,SPIRE HEALTHCARE,1226,33444,96.40%,96.4% (1226),NT313,NT3
201902,NT3,SPIRE HEALTHCARE,1226,33444,96.40%,96.4% (1226),NT314,NT3
201902,NT3,SPIRE HEALTHCARE,1226,33444,96.40%,96.4% (1226),NT315,NT3
201902,NT3,SPIRE HEALTHCARE,1226,33444,96.40%,96.4% (1226),NT316,NT3
201902,NT3,SPIRE HEALTHCARE,1226,33444,96.40%,96.4% (1226),NT317,NT3
201902,NT3,SPIRE HEALTHCARE,1226,33444,96.40%,96.4% (1226),NT318,NT3
201902,NT3,SPIRE HEALTHCARE,1226,33444,96.40%,96.4% (1226),NT319,NT3
201902,NT3,SPIRE HEALTHCARE,1226,33444,96.40%,96.4% (1226),NT320,NT3
201902,NT3,SPIRE HEALTHCARE,1226,33444,96.40%,96.4% (1226),NT321,NT3
201902,NT3,SPIRE HEALTHCARE,1226,33444,96.40%,96.4% (1226),NT322,NT3
201902,NT3,SPIRE HEALTHCARE,1226,33444,96.40%,96.4% (1226),NT324,NT3
201902,NT3,SPIRE HEALTHCARE,1226,33444,96.40%,96.4% (1226),NT325,NT3
201902,NT3,SPIRE HEALTHCARE,1226,33444,96.40%,96.4% (1226),NT327,NT3
201902,NT3,SPIRE HEALTHCARE,1226,33444,96.40%,96.4% (1226),NT332,NT3
201902,NT3,SPIRE HEALTHCARE,1226,33444,96.40%,96.4% (1226),NT333,NT3
201902,NT3,SPIRE HEALTHCARE,1226,33444,96.40%,96.4% (1226),NT337,NT3
201902,NT3,SPIRE HEALTHCARE,1226,33444,96.40%,96.4% (1226),NT339,NT3
201902,NT3,SPIRE HEALTHCARE,1226,33444,96.40%,96.4% (1226),NT343,NT3
201902,NT3,SPIRE HEALTHCARE,1226,33444,96.40%,96.4% (1226),NT344,NT3
201902,NT3,SPIRE HEALTHCARE,1226,33444,96.40%,96.4% (1226),NT345,NT3
201902,NT3,SPIRE HEALTHCARE,1226,33444,96.40%,96.4% (1226),NT347,NT3
201902,NT3,SPIRE HEALTHCARE,1226,33444,96.40%,96.4% (1226),NT348,NT3
201902,NT3,SPIRE HEALTHCARE,1226,33444,96.40%,96.4% (1226),NT350,NT3
201902,NT3,SPIRE HEALTHCARE,1226,33444,96.40%,96.4% (1226),NT351,NT3
201902,NT3,SPIRE HEALTHCARE,1226,33444,96.40%,96.4% (1226),NT356,NT3
201902,NT3,SPIRE HEALTHCARE,1226,33444,96.40%,96.4% (1226),NT364,NT3
201902,NT3,SPIRE HEALTHCARE,1226,33444,96.40%,96.4% (1226),NT372,NT3
201902,NT3,SPIRE HEALTHCARE,1226,33444,96.40%,96.4% (1226),NT378,NT3
201902,NT3,SPIRE HEALTHCARE,1226,33444,96.40%,96.4% (1226),NT3X2,NT3
201902,NT3,SPIRE HEALTHCARE,1226,33444,96.40%,96.4% (1226),NT3X3,NT3
201902,NT401,BMI - THE ALEXANDRA HOSPITAL,577,2894,98.40%,98.4% (577),NT401,NT4
201902,NT403,BMI - THE BEARDWOOD HOSPITAL,128,2371,95.30%,95.3% (128),NT403,NT4
201902,NT404,BMI - THE BEAUMONT HOSPITAL,127,2599,99.20%,99.2% (127),NT404,NT4
201902,NT409,BMI - CHELSFIELD PARK HOSPITAL,16,748,100%,100% (16),NT409,NT4
201902,NT410,BMI - THE CHILTERN HOSPITAL,98,501,99%,99% (98),NT410,NT4
201902,NT411,BMI - THE CLEMENTINE CHURCHILL HOSPITAL,51,1945,94.10%,94.1% (51),NT411,NT4
201902,NT412,BMI - THE DROITWICH SPA HOSPITAL,208,1544,97.10%,97.1% (208),NT412,NT4
201902,NT413,BMI - THE ESPERANCE HOSPITAL,28,431,100%,100% (28),NT413,NT4
201902,NT414,BMI - FAWKHAM MANOR HOSPITAL,38,587,100%,100% (38),NT414,NT4
201902,NT416,BMI - HENDON HOSPITAL,42,1241,100%,100% (42),NT416,NT4
201902,NT417,BMI - GORING HALL HOSPITAL,71,1339,98.60%,98.6% (71),NT417,NT4
201902,NT418,BMI - THE HAMPSHIRE CLINIC,16,1289,100%,100% (16),NT418,NT4
201902,NT420,BMI - THE HIGHFIELD HOSPITAL,79,1332,98.70%,98.7% (79),NT420,NT4
201902,NT421,BMI - THE KINGS OAK HOSPITAL,186,988,96.20%,96.2% (186),NT421,NT4
201902,NT422,BMI - THE LONDON INDEPENDENT HOSPITAL,104,2814,98.10%,98.1% (104),NT422,NT4
201902,NT423,BMI - THE MANOR HOSPITAL,34,486,100%,100% (34),NT423,NT4
201902,NT424,BMI - THE MERIDEN HOSPITAL,111,1731,97.30%,97.3% (111),NT424,NT4
201902,NT427,BMI - THE PARK HOSPITAL,82,1044,100%,100% (82),NT427,NT4
201902,NT428,BMI - THE PRINCESS MARGARET HOSPITAL,10,463,100%,100% (10),NT428,NT4
201902,NT429,BMI - THE PRIORY HOSPITAL,40,997,100%,100% (40),NT429,NT4
201902,NT430,BMI - THE RIDGEWAY HOSPITAL,26,1028,100%,100% (26),NT430,NT4
201902,NT432,BMI - THE SANDRINGHAM HOSPITAL,100,707,99%,99% (100),NT432,NT4
201902,NT433,BMI - SARUM ROAD HOSPITAL,19,373,100%,100% (19),NT433,NT4
201902,NT434,BMI - THE SAXON CLINIC,37,520,100%,100% (37),NT434,NT4
201902,NT435,BMI - THE SHELBURNE HOSPITAL,47,77,97.90%,97.9% (47),NT435,NT4
201902,NT436,BMI - SHIRLEY OAKS HOSPITAL,197,1849,99%,99% (197),NT436,NT4
201902,NT437,BMI - THE SLOANE HOSPITAL,39,495,100%,100% (39),NT437,NT4
201902,NT438,BMI - THE SOMERFIELD HOSPITAL,135,641,99.30%,99.3% (135),NT438,NT4
201902,NT440,BMI - THORNBURY HOSPITAL,18,615,94.40%,94.4% (18),NT440,NT4
201902,NT441,BMI - THREE SHIRES HOSPITAL,100,1982,100%,100% (100),NT441,NT4
201902,NT443,BMI - THE WINTERBOURNE HOSPITAL,12,478,100%,100% (12),NT443,NT4
201902,NT445,BMI THE EDGBASTON HOSPITAL,76,1529,100%,100% (76),NT445,NT4
201902,NT446,BMI ST EDMUNDS HOSPITAL,105,370,100%,100% (105),NT446,NT4
201902,NT447,BMI THE DUCHY HOSPITAL,16,478,100%,100% (16),NT447,NT4
201902,NT448,BMI THE HUDDERSFIELD HOSPITAL,25,1620,88%,88% (25),NT448,NT4
201902,NT449,BMI THE LANCASTER HOSPITAL,56,541,96.40%,96.4% (56),NT449,NT4
201902,NT450,BMI THE LINCOLN HOSPITAL,8,732,100%,100% (8),NT450,NT4
201902,NT451,BMI THE CAVELL HOSPITAL,237,934,98.30%,98.3% (237),NT451,NT4
201902,NT457,BMI WOODLANDS HOSPITAL,37,2499,100%,100% (37),NT457,NT4
201902,NT490,BMI SOUTHEND PRIVATE HOSPITAL,7,433,100%,100% (7),NT490,NT4
201902,NT497,BMI GISBURNE PARK HOSPITAL,28,1277,100%,100% (28),NT497,NT4
201902,NTP11,SOUTHAMPTON NHS TREATMENT CENTRE,724,2894,95.40%,95.4% (724),NTP11,NTP
201902,NTP13,BARLBOROUGH NHS TREATMENT CENTRE,249,1064,99.60%,99.6% (249),NTP13,NTP
201902,NTP15,NORTH EAST LONDON TREATMENT CENTRE CARE UK,678,1910,97.90%,97.9% (678),NTP15,NTP
201902,NTP16,WILL ADAMS NHS TREATMENT CENTRE,421,749,99.30%,99.3% (421),NTP16,NTP
201902,NTPAD,ST MARY'S NHS TREATMENT CENTRE,1231,1740,99.60%,99.6% (1231),NTPAD,NTP
201902,NTPH2,EMERSONS GREEN NHS TREATMENT CENTRE,623,1637,99.70%,99.7% (623),NTPH2,NTP
201902,NTPH3,DEVIZES NHS TREATMENT CENTRE,339,567,99.40%,99.4% (339),NTPH3,NTP
201902,NTPH5,PENINSULA NHS TREATMENT CENTRE,414,960,93.70%,93.7% (414),NTPH5,NTP
201902,NV1,INHEALTH LIMITED,9180,2933,97.90%,97.9% (9180),NV105,NV1
201902,NV1,INHEALTH LIMITED,9180,2933,97.90%,97.9% (9180),NV10B,NV1
201902,NV1,INHEALTH LIMITED,9180,2933,97.90%,97.9% (9180),NV1V3,NV1
201902,NV302,CIRCLE BATH HOSPITAL,59,1710,93.20%,93.2% (59),NV302,NV3
201902,NV313,CIRCLE - NOTTINGHAM NHS TREATMENT CENTRE,2611,13390,96.80%,96.8% (2611),NV313,NV3
201902,NV323,CIRCLE READING HOSPITAL,59,1809,94.90%,94.9% (59),NV323,NV3
201902,NVC,RAMSAY HEALTHCARE UK OPERATIONS LIMITED,1982,73894,97%,97% (1982),NVC01,NVC
201902,NVC,RAMSAY HEALTHCARE UK OPERATIONS LIMITED,1982,73894,97%,97% (1982),NVC02,NVC
201902,NVC,RAMSAY HEALTHCARE UK OPERATIONS LIMITED,1982,73894,97%,97% (1982),NVC04,NVC
201902,NVC,RAMSAY HEALTHCARE UK OPERATIONS LIMITED,1982,73894,97%,97% (1982),NVC05,NVC
201902,NVC,RAMSAY HEALTHCARE UK OPERATIONS LIMITED,1982,73894,97%,97% (1982),NVC06,NVC
201902,NVC,RAMSAY HEALTHCARE UK OPERATIONS LIMITED,1982,73894,97%,97% (1982),NVC07,NVC
201902,NVC,RAMSAY HEALTHCARE UK OPERATIONS LIMITED,1982,73894,97%,97% (1982),NVC08,NVC
201902,NVC,RAMSAY HEALTHCARE UK OPERATIONS LIMITED,1982,73894,97%,97% (1982),NVC09,NVC
201902,NVC,RAMSAY HEALTHCARE UK OPERATIONS LIMITED,1982,73894,97%,97% (1982),NVC0R,NVC
201902,NVC,RAMSAY HEALTHCARE UK OPERATIONS LIMITED,1982,73894,97%,97% (1982),NVC11,NVC
201902,NVC,RAMSAY HEALTHCARE UK OPERATIONS LIMITED,1982,73894,97%,97% (1982),NVC12,NVC
201902,NVC,RAMSAY HEALTHCARE UK OPERATIONS LIMITED,1982,73894,97%,97% (1982),NVC13,NVC
201902,NVC,RAMSAY HEALTHCARE UK OPERATIONS LIMITED,1982,73894,97%,97% (1982),NVC14,NVC
201902,NVC,RAMSAY HEALTHCARE UK OPERATIONS LIMITED,1982,73894,97%,97% (1982),NVC15,NVC
201902,NVC,RAMSAY HEALTHCARE UK OPERATIONS LIMITED,1982,73894,97%,97% (1982),NVC16,NVC
201902,NVC,RAMSAY HEALTHCARE UK OPERATIONS LIMITED,1982,73894,97%,97% (1982),NVC17,NVC
201902,NVC,RAMSAY HEALTHCARE UK OPERATIONS LIMITED,1982,73894,97%,97% (1982),NVC18,NVC
201902,NVC,RAMSAY HEALTHCARE UK OPERATIONS LIMITED,1982,73894,97%,97% (1982),NVC19,NVC
201902,NVC,RAMSAY HEALTHCARE UK OPERATIONS LIMITED,1982,73894,97%,97% (1982),NVC20,NVC
201902,NVC,RAMSAY HEALTHCARE UK OPERATIONS LIMITED,1982,73894,97%,97% (1982),NVC21,NVC
201902,NVC,RAMSAY HEALTHCARE UK OPERATIONS LIMITED,1982,73894,97%,97% (1982),NVC22,NVC
201902,NVC,RAMSAY HEALTHCARE UK OPERATIONS LIMITED,1982,73894,97%,97% (1982),NVC23,NVC
201902,NVC,RAMSAY HEALTHCARE UK OPERATIONS LIMITED,1982,73894,97%,97% (1982),NVC25,NVC
201902,NVC,RAMSAY HEALTHCARE UK OPERATIONS LIMITED,1982,73894,97%,97% (1982),NVC27,NVC
201902,NVC,RAMSAY HEALTHCARE UK OPERATIONS LIMITED,1982,73894,97%,97% (1982),NVC29,NVC
201902,NVC,RAMSAY HEALTHCARE UK OPERATIONS LIMITED,1982,73894,97%,97% (1982),NVC31,NVC
201902,NVC,RAMSAY HEALTHCARE UK OPERATIONS LIMITED,1982,73894,97%,97% (1982),NVC40,NVC
201902,NVC,RAMSAY HEALTHCARE UK OPERATIONS LIMITED,1982,73894,97%,97% (1982),NVC44,NVC
201902,NVC,RAMSAY HEALTHCARE UK OPERATIONS LIMITED,1982,73894,97%,97% (1982),NVC79,NVC
201902,NVG01,FAIRFIELD HOSPITAL,165,1777,100%,100% (165),NVG01,NVG
201902,NXM,HORDER HEALTHCARE,27,411,96.30%,96.3% (27),NXM04,NXM
201902,NYW04,ASPEN - CLAREMONT HOSPITAL,5,912,100%,100% (5),NYW04,NYW
201902,NYW17,ASPEN HEALTHCARE - MIDLAND EYE,35,267,100%,100% (35),NYW17,NYW
201902,R0A,MANCHESTER UNIVERSITY NHS FOUNDATION TRUST,5198,109713,94.60%,94.6% (5198),R0A02,R0A
201902,R0A,MANCHESTER UNIVERSITY NHS FOUNDATION TRUST,5198,109713,94.60%,94.6% (5198),R0A03,R0A
201902,R0A,MANCHESTER UNIVERSITY NHS FOUNDATION TRUST,5198,109713,94.60%,94.6% (5198),R0A04,R0A
201902,R0A,MANCHESTER UNIVERSITY NHS FOUNDATION TRUST,5198,109713,94.60%,94.6% (5198),R0A05,R0A
201902,R0A,MANCHESTER UNIVERSITY NHS FOUNDATION TRUST,5198,109713,94.60%,94.6% (5198),R0A07,R0A
201902,R0A,MANCHESTER UNIVERSITY NHS FOUNDATION TRUST,5198,109713,94.60%,94.6% (5198),R0A09,R0A
201902,R1F,ISLE OF WIGHT NHS TRUST,572,11546,98.40%,98.4% (572),R1F01,R1F
201902,R1H,BARTS HEALTH NHS TRUST,6921,110639,89.60%,89.6% (6921),R1H12,R1H
201902,R1H,BARTS HEALTH NHS TRUST,6921,110639,89.60%,89.6% (6921),R1HKH,R1H
201902,R1H,BARTS HEALTH NHS TRUST,6921,110639,89.60%,89.6% (6921),R1HM0,R1H
201902,R1H,BARTS HEALTH NHS TRUST,6921,110639,89.60%,89.6% (6921),R1HNH,R1H
201902,R1K,LONDON NORTH WEST UNIVERSITY HEALTHCARE NHS TRUST,2583,39878,94.20%,94.2% (2583),R1K01,R1K
201902,R1K,LONDON NORTH WEST UNIVERSITY HEALTHCARE NHS TRUST,2583,39878,94.20%,94.2% (2583),R1K02,R1K
201902,R1K,LONDON NORTH WEST UNIVERSITY HEALTHCARE NHS TRUST,2583,39878,94.20%,94.2% (2583),R1K03,R1K
201902,R1K,LONDON NORTH WEST UNIVERSITY HEALTHCARE NHS TRUST,2583,39878,94.20%,94.2% (2583),R1K04,R1K
201902,R1K,LONDON NORTH WEST UNIVERSITY HEALTHCARE NHS TRUST,2583,39878,94.20%,94.2% (2583),R1K68,R1K
201902,RA2,ROYAL SURREY COUNTY HOSPITAL NHS FOUNDATION TRUST,1713,22866,91.90%,91.9% (1713),RA201,RA2
201902,RA2,ROYAL SURREY COUNTY HOSPITAL NHS FOUNDATION TRUST,1713,22866,91.90%,91.9% (1713),RA219,RA2
201902,RA2,ROYAL SURREY COUNTY HOSPITAL NHS FOUNDATION TRUST,1713,22866,91.90%,91.9% (1713),RA224,RA2
201902,RA3,WESTON AREA HEALTH NHS TRUST,289,8204,96.90%,96.9% (289),RA301,RA3
201902,RA4,YEOVIL DISTRICT HOSPITAL NHS FOUNDATION TRUST,119,10553,99.20%,99.2% (119),RA430,RA4
201902,RA4,YEOVIL DISTRICT HOSPITAL NHS FOUNDATION TRUST,119,10553,99.20%,99.2% (119),RA4C1,RA4
201902,RA7,UNIVERSITY HOSPITALS BRISTOL NHS FOUNDATION TRUST,2392,44988,93.80%,93.8% (2392),RA701,RA7
201902,RA7,UNIVERSITY HOSPITALS BRISTOL NHS FOUNDATION TRUST,2392,44988,93.80%,93.8% (2392),RA773,RA7
201902,RA9,TORBAY AND SOUTH DEVON NHS FOUNDATION TRUST,109,27551,98.20%,98.2% (109),RA901,RA9
201902,RA9,TORBAY AND SOUTH DEVON NHS FOUNDATION TRUST,109,27551,98.20%,98.2% (109),RA952,RA9
201902,RA9,TORBAY AND SOUTH DEVON NHS FOUNDATION TRUST,109,27551,98.20%,98.2% (109),RA954,RA9
201902,RA9,TORBAY AND SOUTH DEVON NHS FOUNDATION TRUST,109,27551,98.20%,98.2% (109),RA956,RA9
201902,RA9,TORBAY AND SOUTH DEVON NHS FOUNDATION TRUST,109,27551,98.20%,98.2% (109),RA957,RA9
201902,RA9,TORBAY AND SOUTH DEVON NHS FOUNDATION TRUST,109,27551,98.20%,98.2% (109),RA959,RA9
201902,RA9,TORBAY AND SOUTH DEVON NHS FOUNDATION TRUST,109,27551,98.20%,98.2% (109),RA979,RA9
201902,RAE,BRADFORD TEACHING HOSPITALS NHS FOUNDATION TRUST,1098,27867,95.50%,95.5% (1098),RAE01,RAE
201902,RAE,BRADFORD TEACHING HOSPITALS NHS FOUNDATION TRUST,1098,27867,95.50%,95.5% (1098),RAE05,RAE
201902,RAJ,SOUTHEND UNIVERSITY HOSPITAL NHS FOUNDATION TRUST,2260,27987,94.60%,94.6% (2260),RAJ01,RAJ
201902,RAL,ROYAL FREE LONDON NHS FOUNDATION TRUST,987,77510,95.40%,95.4% (987),RAL01,RAL
201902,RAL,ROYAL FREE LONDON NHS FOUNDATION TRUST,987,77510,95.40%,95.4% (987),RAL26,RAL
201902,RAL,ROYAL FREE LONDON NHS FOUNDATION TRUST,987,77510,95.40%,95.4% (987),RAL80,RAL
201902,RAL,ROYAL FREE LONDON NHS FOUNDATION TRUST,987,77510,95.40%,95.4% (987),RALC7,RAL
201902,RAL,ROYAL FREE LONDON NHS FOUNDATION TRUST,987,77510,95.40%,95.4% (987),RALMV,RAL
201902,RAL,ROYAL FREE LONDON NHS FOUNDATION TRUST,987,77510,95.40%,95.4% (987),RALRA,RAL
201902,RAN,ROYAL NATIONAL ORTHOPAEDIC HOSPITAL NHS TRUST,1200,3309,98.70%,98.7% (1200),RAN01,RAN
201902,RAN,ROYAL NATIONAL ORTHOPAEDIC HOSPITAL NHS TRUST,1200,3309,98.70%,98.7% (1200),RAN02,RAN
201902,RAP,NORTH MIDDLESEX UNIVERSITY HOSPITAL NHS TRUST,1965,29118,76.50%,76.5% (1965),RAPNM,RAP
201902,RAP,NORTH MIDDLESEX UNIVERSITY HOSPITAL NHS TRUST,1965,29118,76.50%,76.5% (1965),RAPST,RAP
201902,RAS,THE HILLINGDON HOSPITALS NHS FOUNDATION TRUST,1090,21219,92.90%,92.9% (1090),RAS01,RAS
201902,RAS,THE HILLINGDON HOSPITALS NHS FOUNDATION TRUST,1090,21219,92.90%,92.9% (1090),RAS02,RAS
201902,RAX,KINGSTON HOSPITAL NHS FOUNDATION TRUST,3730,23593,93.40%,93.4% (3730),RAX01,RAX
201902,RBA,TAUNTON AND SOMERSET NHS FOUNDATION TRUST,270,14731,96.70%,96.7% (270),RBA11,RBA
201902,RBA,TAUNTON AND SOMERSET NHS FOUNDATION TRUST,270,14731,96.70%,96.7% (270),RBAC3,RBA
201902,RBA,TAUNTON AND SOMERSET NHS FOUNDATION TRUST,270,14731,96.70%,96.7% (270),RBAC6,RBA
201902,RBD,DORSET COUNTY HOSPITAL NHS FOUNDATION TRUST,1292,13568,93.90%,93.9% (1292),RBD01,RBD
201902,RBD,DORSET COUNTY HOSPITAL NHS FOUNDATION TRUST,1292,13568,93.90%,93.9% (1292),RBD05,RBD
201902,RBD,DORSET COUNTY HOSPITAL NHS FOUNDATION TRUST,1292,13568,93.90%,93.9% (1292),RBD44,RBD
201902,RBK,WALSALL HEALTHCARE NHS TRUST,1719,17048,92.50%,92.5% (1719),RBK02,RBK
201902,RBL,WIRRAL UNIVERSITY TEACHING HOSPITAL NHS FOUNDATION TRUST,5275,26241,94.40%,94.4% (5275),RBL14,RBL
201902,RBL,WIRRAL UNIVERSITY TEACHING HOSPITAL NHS FOUNDATION TRUST,5275,26241,94.40%,94.4% (5275),RBL20,RBL
201902,RBN,ST HELENS AND KNOWSLEY TEACHING HOSPITALS NHS TRUST,4591,31668,94.60%,94.6% (4591),RBN01,RBN
201902,RBN,ST HELENS AND KNOWSLEY TEACHING HOSPITALS NHS TRUST,4591,31668,94.60%,94.6% (4591),RBN02,RBN
201902,RBN,ST HELENS AND KNOWSLEY TEACHING HOSPITALS NHS TRUST,4591,31668,94.60%,94.6% (4591),RBN03,RBN
201902,RBQ,LIVERPOOL HEART AND CHEST HOSPITAL NHS FOUNDATION TRUST,300,4186,99.70%,99.7% (300),RBQHQ,RBQ
201902,RBS,ALDER HEY CHILDREN'S NHS FOUNDATION TRUST,700,14548,89.10%,89.1% (700),RBS25,RBS
201902,RBS,ALDER HEY CHILDREN'S NHS FOUNDATION TRUST,700,14548,89.10%,89.1% (700),RBSA2,RBS
201902,RBT,MID CHESHIRE HOSPITALS NHS FOUNDATION TRUST,652,19971,95.40%,95.4% (652),RBT20,RBT
201902,RBV,THE CHRISTIE NHS FOUNDATION TRUST,951,29631,96.60%,96.6% (951),RBV01,RBV
201902,RBZ,NORTHERN DEVON HEALTHCARE NHS TRUST,283,10569,96.50%,96.5% (283),RBZ12,RBZ
201902,RBZ,NORTHERN DEVON HEALTHCARE NHS TRUST,283,10569,96.50%,96.5% (283),RBZ79,RBZ
201902,RBZ,NORTHERN DEVON HEALTHCARE NHS TRUST,283,10569,96.50%,96.5% (283),RBZ80,RBZ
201902,RBZ,NORTHERN DEVON HEALTHCARE NHS TRUST,283,10569,96.50%,96.5% (283),RBZ81,RBZ
201902,RBZ,NORTHERN DEVON HEALTHCARE NHS TRUST,283,10569,96.50%,96.5% (283),RBZ82,RBZ
201902,RBZ,NORTHERN DEVON HEALTHCARE NHS TRUST,283,10569,96.50%,96.5% (283),RBZ83,RBZ
201902,RBZ,NORTHERN DEVON HEALTHCARE NHS TRUST,283,10569,96.50%,96.5% (283),RBZ84,RBZ
201902,RBZ,NORTHERN DEVON HEALTHCARE NHS TRUST,283,10569,96.50%,96.5% (283),RBZ86,RBZ
201902,RBZ,NORTHERN DEVON HEALTHCARE NHS TRUST,283,10569,96.50%,96.5% (283),RBZ87,RBZ
201902,RBZ,NORTHERN DEVON HEALTHCARE NHS TRUST,283,10569,96.50%,96.5% (283),RBZ88,RBZ
201902,RBZ,NORTHERN DEVON HEALTHCARE NHS TRUST,283,10569,96.50%,96.5% (283),RBZ92,RBZ
201902,RBZ,NORTHERN DEVON HEALTHCARE NHS TRUST,283,10569,96.50%,96.5% (283),RBZ93,RBZ
201902,RBZ,NORTHERN DEVON HEALTHCARE NHS TRUST,283,10569,96.50%,96.5% (283),RBZ95,RBZ
201902,RBZ,NORTHERN DEVON HEALTHCARE NHS TRUST,283,10569,96.50%,96.5% (283),RBZ96,RBZ
201902,RBZ,NORTHERN DEVON HEALTHCARE NHS TRUST,283,10569,96.50%,96.5% (283),RBZ98,RBZ
201902,RBZ,NORTHERN DEVON HEALTHCARE NHS TRUST,283,10569,96.50%,96.5% (283),RBZ99,RBZ
201902,RC1,BEDFORD HOSPITAL NHS TRUST,2061,15493,94.40%,94.4% (2061),RC110,RC1
201902,RC9,LUTON AND DUNSTABLE UNIVERSITY HOSPITAL NHS FOUNDATION TRUST,839,29118,96.40%,96.4% (839),RC971,RC9
201902,RCB,YORK TEACHING HOSPITAL NHS FOUNDATION TRUST,1252,30765,96.50%,96.5% (1252),RCB00,RCB
201902,RCB,YORK TEACHING HOSPITAL NHS FOUNDATION TRUST,1252,30765,96.50%,96.5% (1252),RCB07,RCB
201902,RCB,YORK TEACHING HOSPITAL NHS FOUNDATION TRUST,1252,30765,96.50%,96.5% (1252),RCBCA,RCB
201902,RCB,YORK TEACHING HOSPITAL NHS FOUNDATION TRUST,1252,30765,96.50%,96.5% (1252),RCBL8,RCB
201902,RCB,YORK TEACHING HOSPITAL NHS FOUNDATION TRUST,1252,30765,96.50%,96.5% (1252),RCBNH,RCB
201902,RCB,YORK TEACHING HOSPITAL NHS FOUNDATION TRUST,1252,30765,96.50%,96.5% (1252),RCBWH,RCB
201902,RCD,HARROGATE AND DISTRICT NHS FOUNDATION TRUST,3412,15172,94.80%,94.8% (3412),RCD01,RCD
201902,RCD,HARROGATE AND DISTRICT NHS FOUNDATION TRUST,3412,15172,94.80%,94.8% (3412),RCD02,RCD
201902,RCF,AIREDALE NHS FOUNDATION TRUST,361,12503,97.50%,97.5% (361),RCF22,RCF
201902,RCU,SHEFFIELD CHILDREN'S NHS FOUNDATION TRUST,57,13538,96.50%,96.5% (57),RCUEF,RCU
201902,RCX,"THE QUEEN ELIZABETH HOSPITAL, KING'S LYNN, NHS FOUNDATION TRUST",1123,19924,96.90%,96.9% (1123),RCX70,RCX
201902,RD1,ROYAL UNITED HOSPITALS BATH NHS FOUNDATION TRUST,689,31733,97.40%,97.4% (689),RD115,RD1
201902,RD1,ROYAL UNITED HOSPITALS BATH NHS FOUNDATION TRUST,689,31733,97.40%,97.4% (689),RD130,RD1
201902,RD3,POOLE HOSPITAL NHS FOUNDATION TRUST,369,18032,94.90%,94.9% (369),RD300,RD3
201902,RD8,MILTON KEYNES UNIVERSITY HOSPITAL NHS FOUNDATION TRUST,384,17804,96.60%,96.6% (384),RD816,RD8
201902,RDD,BASILDON AND THURROCK UNIVERSITY HOSPITALS NHS FOUNDATION TRUST,2319,30307,94.70%,94.7% (2319),RDDH0,RDD
201902,RDD,BASILDON AND THURROCK UNIVERSITY HOSPITALS NHS FOUNDATION TRUST,2319,30307,94.70%,94.7% (2319),RDDH1,RDD
201902,RDE,EAST SUFFOLK AND NORTH ESSEX NHS FOUNDATION TRUST,1139,37301,97.20%,97.2% (1139),RDEE4,RDE
201902,RDU,FRIMLEY HEALTH NHS FOUNDATION TRUST,3088,41313,97.10%,97.1% (3088),RDU01,RDU
201902,RDU,FRIMLEY HEALTH NHS FOUNDATION TRUST,3088,41313,97.10%,97.1% (3088),RDU02,RDU
201902,RDU,FRIMLEY HEALTH NHS FOUNDATION TRUST,3088,41313,97.10%,97.1% (3088),RDU50,RDU
201902,RDU,FRIMLEY HEALTH NHS FOUNDATION TRUST,3088,41313,97.10%,97.1% (3088),RDU52,RDU
201902,RDU,FRIMLEY HEALTH NHS FOUNDATION TRUST,3088,41313,97.10%,97.1% (3088),RDU53,RDU
201902,RDU,FRIMLEY HEALTH NHS FOUNDATION TRUST,3088,41313,97.10%,97.1% (3088),RDU54,RDU
201902,RDZ,THE ROYAL BOURNEMOUTH AND CHRISTCHURCH HOSPITALS NHS FOUNDATION TRUST,1517,23509,97.80%,97.8% (1517),RDZ05,RDZ
201902,RDZ,THE ROYAL BOURNEMOUTH AND CHRISTCHURCH HOSPITALS NHS FOUNDATION TRUST,1517,23509,97.80%,97.8% (1517),RDZ20,RDZ
201902,RE9,SOUTH TYNESIDE NHS FOUNDATION TRUST,581,9127,99%,99% (581),RE933,RE9
201902,RE9,SOUTH TYNESIDE NHS FOUNDATION TRUST,581,9127,99%,99% (581),RE9GA,RE9
201902,RE9,SOUTH TYNESIDE NHS FOUNDATION TRUST,581,9127,99%,99% (581),RE9GC,RE9
201902,RE9,SOUTH TYNESIDE NHS FOUNDATION TRUST,581,9127,99%,99% (581),RE9GF,RE9
201902,REF,ROYAL CORNWALL HOSPITALS NHS TRUST,786,33945,97.30%,97.3% (786),REF01,REF
201902,REF,ROYAL CORNWALL HOSPITALS NHS TRUST,786,33945,97.30%,97.3% (786),REF02,REF
201902,REF,ROYAL CORNWALL HOSPITALS NHS TRUST,786,33945,97.30%,97.3% (786),REF12,REF
201902,REM,AINTREE UNIVERSITY HOSPITAL NHS FOUNDATION TRUST,3616,22860,94.50%,94.5% (3616),REM21,REM
201902,REN,THE CLATTERBRIDGE CANCER CENTRE NHS FOUNDATION TRUST,575,21976,92.30%,92.3% (575),REN20,REN
201902,REP,LIVERPOOL WOMEN'S NHS FOUNDATION TRUST,71,10791,94.40%,94.4% (71),REP01,REP
201902,RET,THE WALTON CENTRE NHS FOUNDATION TRUST,272,9230,95.20%,95.2% (272),RET20,RET
201902,RF4,"BARKING, HAVERING AND REDBRIDGE UNIVERSITY HOSPITALS NHS TRUST",2283,38451,94.30%,94.3% (2283),RF4DG,RF4
201902,RF4,"BARKING, HAVERING AND REDBRIDGE UNIVERSITY HOSPITALS NHS TRUST",2283,38451,94.30%,94.3% (2283),RF4PP,RF4
201902,RF4,"BARKING, HAVERING AND REDBRIDGE UNIVERSITY HOSPITALS NHS TRUST",2283,38451,94.30%,94.3% (2283),RF4QH,RF4
201902,RFF,BARNSLEY HOSPITAL NHS FOUNDATION TRUST,686,29727,93.70%,93.7% (686),RFFAA,RFF
201902,RFR,THE ROTHERHAM NHS FOUNDATION TRUST,839,22059,98.20%,98.2% (839),RFRPA,RFR
201902,RFS,CHESTERFIELD ROYAL HOSPITAL NHS FOUNDATION TRUST,2020,24039,95.10%,95.1% (2020),RFSDA,RFS
201902,RGM,ROYAL PAPWORTH HOSPITAL NHS FOUNDATION TRUST,196,7308,98%,98% (196),RGM21,RGM
201902,RGN,NORTH WEST ANGLIA NHS FOUNDATION TRUST,1333,43360,95.30%,95.3% (1333),RGN49,RGN
201902,RGN,NORTH WEST ANGLIA NHS FOUNDATION TRUST,1333,43360,95.30%,95.3% (1333),RGN80,RGN
201902,RGN,NORTH WEST ANGLIA NHS FOUNDATION TRUST,1333,43360,95.30%,95.3% (1333),RGN90,RGN
201902,RGP,JAMES PAGET UNIVERSITY HOSPITALS NHS FOUNDATION TRUST,2750,17651,97.30%,97.3% (2750),RGP75,RGP
201902,RGR,WEST SUFFOLK NHS FOUNDATION TRUST,994,23115,96.70%,96.7% (994),RGR44,RGR
201902,RGR,WEST SUFFOLK NHS FOUNDATION TRUST,994,23115,96.70%,96.7% (994),RGR50,RGR
201902,RGT,CAMBRIDGE UNIVERSITY HOSPITALS NHS FOUNDATION TRUST,1231,44388,93.70%,93.7% (1231),RGT01,RGT
201902,RGT,CAMBRIDGE UNIVERSITY HOSPITALS NHS FOUNDATION TRUST,1231,44388,93.70%,93.7% (1231),RGT76,RGT
201902,RHM,UNIVERSITY HOSPITAL SOUTHAMPTON NHS FOUNDATION TRUST,495,50460,96.80%,96.8% (495),RHM01,RHM
201902,RHM,UNIVERSITY HOSPITAL SOUTHAMPTON NHS FOUNDATION TRUST,495,50460,96.80%,96.8% (495),RHM02,RHM
201902,RHM,UNIVERSITY HOSPITAL SOUTHAMPTON NHS FOUNDATION TRUST,495,50460,96.80%,96.8% (495),RHM12,RHM
201902,RHQ,SHEFFIELD TEACHING HOSPITALS NHS FOUNDATION TRUST,5432,93123,94.80%,94.8% (5432),RHQHH,RHQ
201902,RHQ,SHEFFIELD TEACHING HOSPITALS NHS FOUNDATION TRUST,5432,93123,94.80%,94.8% (5432),RHQNG,RHQ
201902,RHQ,SHEFFIELD TEACHING HOSPITALS NHS FOUNDATION TRUST,5432,93123,94.80%,94.8% (5432),RHQWP,RHQ
201902,RHU,PORTSMOUTH HOSPITALS NHS TRUST,656,47392,95%,95% (656),RHU02,RHU
201902,RHU,PORTSMOUTH HOSPITALS NHS TRUST,656,47392,95%,95% (656),RHU03,RHU
201902,RHU,PORTSMOUTH HOSPITALS NHS TRUST,656,47392,95%,95% (656),RHU04,RHU
201902,RHU,PORTSMOUTH HOSPITALS NHS TRUST,656,47392,95%,95% (656),RHU10,RHU
201902,RHW,ROYAL BERKSHIRE NHS FOUNDATION TRUST,1770,43144,99.80%,99.8% (1770),RHW01,RHW
201902,RHW,ROYAL BERKSHIRE NHS FOUNDATION TRUST,1770,43144,99.80%,99.8% (1770),RHW03,RHW
201902,RHW,ROYAL BERKSHIRE NHS FOUNDATION TRUST,1770,43144,99.80%,99.8% (1770),RHW05,RHW
201902,RJ1,GUY'S AND ST THOMAS' NHS FOUNDATION TRUST,4922,77764,91.70%,91.7% (4922),RJ121,RJ1
201902,RJ1,GUY'S AND ST THOMAS' NHS FOUNDATION TRUST,4922,77764,91.70%,91.7% (4922),RJ122,RJ1
201902,RJ2,LEWISHAM AND GREENWICH NHS TRUST,1854,46078,95.20%,95.2% (1854),RJ224,RJ2
201902,RJ2,LEWISHAM AND GREENWICH NHS TRUST,1854,46078,95.20%,95.2% (1854),RJ230,RJ2
201902,RJ2,LEWISHAM AND GREENWICH NHS TRUST,1854,46078,95.20%,95.2% (1854),RJ231,RJ2
201902,RJ2,LEWISHAM AND GREENWICH NHS TRUST,1854,46078,95.20%,95.2% (1854),RJ253,RJ2
201902,RJ6,CROYDON HEALTH SERVICES NHS TRUST,11506,29462,89.60%,89.6% (11506),RJ611,RJ6
201902,RJ6,CROYDON HEALTH SERVICES NHS TRUST,11506,29462,89.60%,89.6% (11506),RJ613,RJ6
201902,RJ7,ST GEORGE'S UNIVERSITY HOSPITALS NHS FOUNDATION TRUST,716,54401,92.30%,92.3% (716),RJ701,RJ7
201902,RJ7,ST GEORGE'S UNIVERSITY HOSPITALS NHS FOUNDATION TRUST,716,54401,92.30%,92.3% (716),RJ731,RJ7
201902,RJC,SOUTH WARWICKSHIRE NHS FOUNDATION TRUST,999,15621,96.20%,96.2% (999),RJC02,RJC
201902,RJC,SOUTH WARWICKSHIRE NHS FOUNDATION TRUST,999,15621,96.20%,96.2% (999),RJC03,RJC
201902,RJC,SOUTH WARWICKSHIRE NHS FOUNDATION TRUST,999,15621,96.20%,96.2% (999),RJC04,RJC
201902,RJC,SOUTH WARWICKSHIRE NHS FOUNDATION TRUST,999,15621,96.20%,96.2% (999),RJC46,RJC
201902,RJE,UNIVERSITY HOSPITALS OF NORTH MIDLANDS NHS TRUST,1055,45998,97.90%,97.9% (1055),RJE01,RJE
201902,RJE,UNIVERSITY HOSPITALS OF NORTH MIDLANDS NHS TRUST,1055,45998,97.90%,97.9% (1055),RJE08,RJE
201902,RJE,UNIVERSITY HOSPITALS OF NORTH MIDLANDS NHS TRUST,1055,45998,97.90%,97.9% (1055),RJE09,RJE
201902,RJE,UNIVERSITY HOSPITALS OF NORTH MIDLANDS NHS TRUST,1055,45998,97.90%,97.9% (1055),RJE51,RJE
201902,RJL,NORTHERN LINCOLNSHIRE AND GOOLE NHS FOUNDATION TRUST,66,29908,100%,100% (66),RJL30,RJL
201902,RJL,NORTHERN LINCOLNSHIRE AND GOOLE NHS FOUNDATION TRUST,66,29908,100%,100% (66),RJL31,RJL
201902,RJL,NORTHERN LINCOLNSHIRE AND GOOLE NHS FOUNDATION TRUST,66,29908,100%,100% (66),RJL32,RJL
201902,RJN,EAST CHESHIRE NHS TRUST,2717,9606,95.20%,95.2% (2717),RJN63,RJN
201902,RJN,EAST CHESHIRE NHS TRUST,2717,9606,95.20%,95.2% (2717),RJN68,RJN
201902,RJN,EAST CHESHIRE NHS TRUST,2717,9606,95.20%,95.2% (2717),RJN71,RJN
201902,RJR,COUNTESS OF CHESTER HOSPITAL NHS FOUNDATION TRUST,2228,22778,92.60%,92.6% (2228),RJR05,RJR
201902,RJZ,KING'S COLLEGE HOSPITAL NHS FOUNDATION TRUST,6087,75491,87.70%,87.7% (6087),RJZ01,RJZ
201902,RJZ,KING'S COLLEGE HOSPITAL NHS FOUNDATION TRUST,6087,75491,87.70%,87.7% (6087),RJZ30,RJZ
201902,RJZ,KING'S COLLEGE HOSPITAL NHS FOUNDATION TRUST,6087,75491,87.70%,87.7% (6087),RJZ50,RJZ
201902,RJZ,KING'S COLLEGE HOSPITAL NHS FOUNDATION TRUST,6087,75491,87.70%,87.7% (6087),RJZ70,RJZ
201902,RK5,SHERWOOD FOREST HOSPITALS NHS FOUNDATION TRUST,2134,29374,94%,94% (2134),RK5BC,RK5
201902,RK5,SHERWOOD FOREST HOSPITALS NHS FOUNDATION TRUST,2134,29374,94%,94% (2134),RK5HP,RK5
201902,RK9,UNIVERSITY HOSPITALS PLYMOUTH NHS TRUST,1360,28119,93.60%,93.6% (1360),RK922,RK9
201902,RK9,UNIVERSITY HOSPITALS PLYMOUTH NHS TRUST,1360,28119,93.60%,93.6% (1360),RK935,RK9
201902,RK9,UNIVERSITY HOSPITALS PLYMOUTH NHS TRUST,1360,28119,93.60%,93.6% (1360),RK950,RK9
201902,RKB,UNIVERSITY HOSPITALS COVENTRY AND WARWICKSHIRE NHS TRUST,1978,42058,90.90%,90.9% (1978),RKB01,RKB
201902,RKB,UNIVERSITY HOSPITALS COVENTRY AND WARWICKSHIRE NHS TRUST,1978,42058,90.90%,90.9% (1978),RKB03,RKB
201902,RKE,WHITTINGTON HEALTH NHS TRUST,389,18145,93.30%,93.3% (389),RKEQ4,RKE
201902,RL1,THE ROBERT JONES AND AGNES HUNT ORTHOPAEDIC HOSPITAL NHS FOUNDATION TRUST,251,6671,97.20%,97.2% (251),RL131,RL1
201902,RL4,THE ROYAL WOLVERHAMPTON NHS TRUST,2826,48262,94.70%,94.7% (2826),RL403,RL4
201902,RL4,THE ROYAL WOLVERHAMPTON NHS TRUST,2826,48262,94.70%,94.7% (2826),RL4TC,RL4
201902,RLN,CITY HOSPITALS SUNDERLAND NHS FOUNDATION TRUST,321,39332,96.60%,96.6% (321),RLN05,RLN
201902,RLN,CITY HOSPITALS SUNDERLAND NHS FOUNDATION TRUST,321,39332,96.60%,96.6% (321),RLN06,RLN
201902,RLN,CITY HOSPITALS SUNDERLAND NHS FOUNDATION TRUST,321,39332,96.60%,96.6% (321),RLNDC,RLN
201902,RLN,CITY HOSPITALS SUNDERLAND NHS FOUNDATION TRUST,321,39332,96.60%,96.6% (321),RLNDU,RLN
201902,RLN,CITY HOSPITALS SUNDERLAND NHS FOUNDATION TRUST,321,39332,96.60%,96.6% (321),RLNGL,RLN
201902,RLN,CITY HOSPITALS SUNDERLAND NHS FOUNDATION TRUST,321,39332,96.60%,96.6% (321),RLNGT,RLN
201902,RLQ,WYE VALLEY NHS TRUST,53,14208,92.50%,92.5% (53),RLQ01,RLQ
201902,RLQ,WYE VALLEY NHS TRUST,53,14208,92.50%,92.5% (53),RLQ03,RLQ
201902,RLQ,WYE VALLEY NHS TRUST,53,14208,92.50%,92.5% (53),RLQ06,RLQ
201902,RLQ,WYE VALLEY NHS TRUST,53,14208,92.50%,92.5% (53),RLQ08,RLQ
201902,RLT,GEORGE ELIOT HOSPITAL NHS TRUST,2069,16415,91.60%,91.6% (2069),RLT01,RLT
201902,RM1,NORFOLK AND NORWICH UNIVERSITY HOSPITALS NHS FOUNDATION TRUST,2142,40887,95.70%,95.7% (2142),RM102,RM1
201902,RM1,NORFOLK AND NORWICH UNIVERSITY HOSPITALS NHS FOUNDATION TRUST,2142,40887,95.70%,95.7% (2142),RM131,RM1
201902,RM3,SALFORD ROYAL NHS FOUNDATION TRUST,2476,45542,91.80%,91.8% (2476),RM301,RM3
201902,RM3,SALFORD ROYAL NHS FOUNDATION TRUST,2476,45542,91.80%,91.8% (2476),RM362,RM3
201902,RMC,BOLTON NHS FOUNDATION TRUST,2673,20678,92.80%,92.8% (2673),RMC01,RMC
201902,RMP,TAMESIDE AND GLOSSOP INTEGRATED CARE NHS FOUNDATION TRUST,1266,14683,92.10%,92.1% (1266),RMP01,RMP
201902,RN3,GREAT WESTERN HOSPITALS NHS FOUNDATION TRUST,612,21113,94.30%,94.3% (612),RN325,RN3
201902,RN5,HAMPSHIRE HOSPITALS NHS FOUNDATION TRUST,1447,31742,93%,93% (1447),RN506,RN5
201902,RN5,HAMPSHIRE HOSPITALS NHS FOUNDATION TRUST,1447,31742,93%,93% (1447),RN541,RN5
201902,RN5,HAMPSHIRE HOSPITALS NHS FOUNDATION TRUST,1447,31742,93%,93% (1447),RN542,RN5
201902,RN7,DARTFORD AND GRAVESHAM NHS TRUST,747,15829,97.10%,97.1% (747),RN707,RN7
201902,RN7,DARTFORD AND GRAVESHAM NHS TRUST,747,15829,97.10%,97.1% (747),RN7ED,RN7
201902,RN7,DARTFORD AND GRAVESHAM NHS TRUST,747,15829,97.10%,97.1% (747),RN7QM,RN7
201902,RNA,THE DUDLEY GROUP NHS FOUNDATION TRUST,1504,32251,90%,90% (1504),RNA01,RNA
201902,RNA,THE DUDLEY GROUP NHS FOUNDATION TRUST,1504,32251,90%,90% (1504),RNA04,RNA
201902,RNL,NORTH CUMBRIA UNIVERSITY HOSPITALS NHS TRUST,519,25651,94%,94% (519),RNLBX,RNL
201902,RNQ,KETTERING GENERAL HOSPITAL NHS FOUNDATION TRUST,970,23674,95.40%,95.4% (970),RNQ51,RNQ
201902,RNS,NORTHAMPTON GENERAL HOSPITAL NHS TRUST,2863,33828,93.60%,93.6% (2863),RNS01,RNS
201902,RNZ,SALISBURY NHS FOUNDATION TRUST,434,13461,97.90%,97.9% (434),RNZ02,RNZ
201902,RP4,GREAT ORMOND STREET HOSPITAL FOR CHILDREN NHS FOUNDATION TRUST,780,15975,92.80%,92.8% (780),RP401,RP4
201902,RP5,DONCASTER AND BASSETLAW TEACHING HOSPITALS NHS FOUNDATION TRUST,250,41287,96%,96% (250),RP5BA,RP5
201902,RP5,DONCASTER AND BASSETLAW TEACHING HOSPITALS NHS FOUNDATION TRUST,250,41287,96%,96% (250),RP5MM,RP5
201902,RP5,DONCASTER AND BASSETLAW TEACHING HOSPITALS NHS FOUNDATION TRUST,250,41287,96%,96% (250),RP5RE,RP5
201902,RP6,MOORFIELDS EYE HOSPITAL NHS FOUNDATION TRUST,5035,41996,97.10%,97.1% (5035),RP601,RP6
201902,RP6,MOORFIELDS EYE HOSPITAL NHS FOUNDATION TRUST,5035,41996,97.10%,97.1% (5035),RP603,RP6
201902,RP6,MOORFIELDS EYE HOSPITAL NHS FOUNDATION TRUST,5035,41996,97.10%,97.1% (5035),RP604,RP6
201902,RP6,MOORFIELDS EYE HOSPITAL NHS FOUNDATION TRUST,5035,41996,97.10%,97.1% (5035),RP605,RP6
201902,RP6,MOORFIELDS EYE HOSPITAL NHS FOUNDATION TRUST,5035,41996,97.10%,97.1% (5035),RP606,RP6
201902,RP6,MOORFIELDS EYE HOSPITAL NHS FOUNDATION TRUST,5035,41996,97.10%,97.1% (5035),RP607,RP6
201902,RP6,MOORFIELDS EYE HOSPITAL NHS FOUNDATION TRUST,5035,41996,97.10%,97.1% (5035),RP608,RP6
201902,RP6,MOORFIELDS EYE HOSPITAL NHS FOUNDATION TRUST,5035,41996,97.10%,97.1% (5035),RP610,RP6
201902,RP6,MOORFIELDS EYE HOSPITAL NHS FOUNDATION TRUST,5035,41996,97.10%,97.1% (5035),RP616,RP6
201902,RP6,MOORFIELDS EYE HOSPITAL NHS FOUNDATION TRUST,5035,41996,97.10%,97.1% (5035),RP627,RP6
201902,RP6,MOORFIELDS EYE HOSPITAL NHS FOUNDATION TRUST,5035,41996,97.10%,97.1% (5035),RP633,RP6
201902,RPA,MEDWAY NHS FOUNDATION TRUST,1683,24491,89.50%,89.5% (1683),RPA02,RPA
201902,RPC,QUEEN VICTORIA HOSPITAL NHS FOUNDATION TRUST,1639,15001,94.80%,94.8% (1639),RPC04,RPC
201902,RPY,THE ROYAL MARSDEN NHS FOUNDATION TRUST,476,17275,94.30%,94.3% (476),RPY01,RPY
201902,RPY,THE ROYAL MARSDEN NHS FOUNDATION TRUST,476,17275,94.30%,94.3% (476),RPY02,RPY
201902,RQ3,BIRMINGHAM WOMEN'S AND CHILDREN'S NHS FOUNDATION TRUST,859,28072,98.10%,98.1% (859),RQ301,RQ3
201902,RQ3,BIRMINGHAM WOMEN'S AND CHILDREN'S NHS FOUNDATION TRUST,859,28072,98.10%,98.1% (859),RQ370,RQ3
201902,RQ6,ROYAL LIVERPOOL AND BROADGREEN UNIVERSITY HOSPITALS NHS TRUST,6086,46178,93.70%,93.7% (6086),RQ601,RQ6
201902,RQ6,ROYAL LIVERPOOL AND BROADGREEN UNIVERSITY HOSPITALS NHS TRUST,6086,46178,93.70%,93.7% (6086),RQ617,RQ6
201902,RQ8,MID ESSEX HOSPITAL SERVICES NHS TRUST,1784,22627,91.10%,91.1% (1784),RQ8L0,RQ8
201902,RQ8,MID ESSEX HOSPITAL SERVICES NHS TRUST,1784,22627,91.10%,91.1% (1784),RQ8LJ,RQ8
201902,RQ8,MID ESSEX HOSPITAL SERVICES NHS TRUST,1784,22627,91.10%,91.1% (1784),RQ8RR,RQ8
201902,RQM,CHELSEA AND WESTMINSTER HOSPITAL NHS FOUNDATION TRUST,1747,50804,92.20%,92.2% (1747),RQM01,RQM
201902,RQM,CHELSEA AND WESTMINSTER HOSPITAL NHS FOUNDATION TRUST,1747,50804,92.20%,92.2% (1747),RQM91,RQM
201902,RQW,THE PRINCESS ALEXANDRA HOSPITAL NHS TRUST,2651,19035,96%,96% (2651),RQWG0,RQW
201902,RQX,HOMERTON UNIVERSITY HOSPITAL NHS FOUNDATION TRUST,185,27381,94.60%,94.6% (185),RQXM1,RQX
201902,RR7,GATESHEAD HEALTH NHS FOUNDATION TRUST,756,12216,98.80%,98.8% (756),RR7EN,RR7
201902,RR8,LEEDS TEACHING HOSPITALS NHS TRUST,3005,83212,94.10%,94.1% (3005),RR807,RR8
201902,RR8,LEEDS TEACHING HOSPITALS NHS TRUST,3005,83212,94.10%,94.1% (3005),RR813,RR8
201902,RR8,LEEDS TEACHING HOSPITALS NHS TRUST,3005,83212,94.10%,94.1% (3005),RR814,RR8
201902,RR8,LEEDS TEACHING HOSPITALS NHS TRUST,3005,83212,94.10%,94.1% (3005),RR819,RR8
201902,RRF,"WRIGHTINGTON, WIGAN AND LEIGH NHS FOUNDATION TRUST",2330,27197,94.20%,94.2% (2330),RRF53,RRF
201902,RRJ,THE ROYAL ORTHOPAEDIC HOSPITAL NHS FOUNDATION TRUST,1162,7916,94.80%,94.8% (1162),RRJ05,RRJ
201902,RRK,UNIVERSITY HOSPITALS BIRMINGHAM NHS FOUNDATION TRUST,2381,108757,93.30%,93.3% (2381),RRK15,RRK
201902,RRV,UNIVERSITY COLLEGE LONDON HOSPITALS NHS FOUNDATION TRUST,6870,69108,92.40%,92.4% (6870),RRV03,RRV
201902,RRV,UNIVERSITY COLLEGE LONDON HOSPITALS NHS FOUNDATION TRUST,6870,69108,92.40%,92.4% (6870),RRV60,RRV
201902,RRV,UNIVERSITY COLLEGE LONDON HOSPITALS NHS FOUNDATION TRUST,6870,69108,92.40%,92.4% (6870),RRVNQ,RRV
201902,RRV,UNIVERSITY COLLEGE LONDON HOSPITALS NHS FOUNDATION TRUST,6870,69108,92.40%,92.4% (6870),RRVRN,RRV
201902,RT3,ROYAL BROMPTON & HAREFIELD NHS FOUNDATION TRUST,962,11376,95%,95% (962),RT301,RT3
201902,RT3,ROYAL BROMPTON & HAREFIELD NHS FOUNDATION TRUST,962,11376,95%,95% (962),RT302,RT3
201902,RTD,THE NEWCASTLE UPON TYNE HOSPITALS NHS FOUNDATION TRUST,2036,87275,95.50%,95.5% (2036),RTD01,RTD
201902,RTE,GLOUCESTERSHIRE HOSPITALS NHS FOUNDATION TRUST,4764,45709,92.50%,92.5% (4764),RTE01,RTE
201902,RTE,GLOUCESTERSHIRE HOSPITALS NHS FOUNDATION TRUST,4764,45709,92.50%,92.5% (4764),RTE03,RTE
201902,RTE,GLOUCESTERSHIRE HOSPITALS NHS FOUNDATION TRUST,4764,45709,92.50%,92.5% (4764),RTE23,RTE
201902,RTF,NORTHUMBRIA HEALTHCARE NHS FOUNDATION TRUST,280,32614,94.60%,94.6% (280),RTF86,RTF
201902,RTF,NORTHUMBRIA HEALTHCARE NHS FOUNDATION TRUST,280,32614,94.60%,94.6% (280),RTFDR,RTF
201902,RTF,NORTHUMBRIA HEALTHCARE NHS FOUNDATION TRUST,280,32614,94.60%,94.6% (280),RTFDU,RTF
201902,RTF,NORTHUMBRIA HEALTHCARE NHS FOUNDATION TRUST,280,32614,94.60%,94.6% (280),RTFDX,RTF
201902,RTF,NORTHUMBRIA HEALTHCARE NHS FOUNDATION TRUST,280,32614,94.60%,94.6% (280),RTFED,RTF
201902,RTF,NORTHUMBRIA HEALTHCARE NHS FOUNDATION TRUST,280,32614,94.60%,94.6% (280),RTFEF,RTF
201902,RTF,NORTHUMBRIA HEALTHCARE NHS FOUNDATION TRUST,280,32614,94.60%,94.6% (280),RTFFS,RTF
201902,RTG,UNIVERSITY HOSPITALS OF DERBY AND BURTON NHS FOUNDATION TRUST,4720,49103,93.50%,93.5% (4720),RTG50,RTG
201902,RTG,UNIVERSITY HOSPITALS OF DERBY AND BURTON NHS FOUNDATION TRUST,4720,49103,93.50%,93.5% (4720),RTG54,RTG
201902,RTG,UNIVERSITY HOSPITALS OF DERBY AND BURTON NHS FOUNDATION TRUST,4720,49103,93.50%,93.5% (4720),RTGFG,RTG
201902,RTH,OXFORD UNIVERSITY HOSPITALS NHS FOUNDATION TRUST,5564,62596,94.40%,94.4% (5564),RTH02,RTH
201902,RTH,OXFORD UNIVERSITY HOSPITALS NHS FOUNDATION TRUST,5564,62596,94.40%,94.4% (5564),RTH05,RTH
201902,RTH,OXFORD UNIVERSITY HOSPITALS NHS FOUNDATION TRUST,5564,62596,94.40%,94.4% (5564),RTH08,RTH
201902,RTP,SURREY AND SUSSEX HEALTHCARE NHS TRUST,1558,22589,93%,93% (1558),RTP02,RTP
201902,RTP,SURREY AND SUSSEX HEALTHCARE NHS TRUST,1558,22589,93%,93% (1558),RTP04,RTP
201902,RTR,SOUTH TEES HOSPITALS NHS FOUNDATION TRUST,9,41641,100%,100% (9),RTR03,RTR
201902,RTR,SOUTH TEES HOSPITALS NHS FOUNDATION TRUST,9,41641,100%,100% (9),RTR07,RTR
201902,RTR,SOUTH TEES HOSPITALS NHS FOUNDATION TRUST,9,41641,100%,100% (9),RTR18,RTR
201902,RTR,SOUTH TEES HOSPITALS NHS FOUNDATION TRUST,9,41641,100%,100% (9),RTR45,RTR
201902,RTR,SOUTH TEES HOSPITALS NHS FOUNDATION TRUST,9,41641,100%,100% (9),RTRAQ,RTR
201902,RTR,SOUTH TEES HOSPITALS NHS FOUNDATION TRUST,9,41641,100%,100% (9),RTRAT,RTR
201902,RTX,UNIVERSITY HOSPITALS OF MORECAMBE BAY NHS FOUNDATION TRUST,1900,23477,94.80%,94.8% (1900),RTXBU,RTX
201902,RTX,UNIVERSITY HOSPITALS OF MORECAMBE BAY NHS FOUNDATION TRUST,1900,23477,94.80%,94.8% (1900),RTXBW,RTX
201902,RVJ,NORTH BRISTOL NHS TRUST,4322,29480,95.30%,95.3% (4322),RVJ01,RVJ
201902,RVJ,NORTH BRISTOL NHS TRUST,4322,29480,95.30%,95.3% (4322),RVJ20,RVJ
201902,RVJ,NORTH BRISTOL NHS TRUST,4322,29480,95.30%,95.3% (4322),RVJ21,RVJ
201902,RVR,EPSOM AND ST HELIER UNIVERSITY HOSPITALS NHS TRUST,1686,26135,93.20%,93.2% (1686),RVR05,RVR
201902,RVR,EPSOM AND ST HELIER UNIVERSITY HOSPITALS NHS TRUST,1686,26135,93.20%,93.2% (1686),RVR06,RVR
201902,RVR,EPSOM AND ST HELIER UNIVERSITY HOSPITALS NHS TRUST,1686,26135,93.20%,93.2% (1686),RVR50,RVR
201902,RVR,EPSOM AND ST HELIER UNIVERSITY HOSPITALS NHS TRUST,1686,26135,93.20%,93.2% (1686),RVR90,RVR
201902,RVV,EAST KENT HOSPITALS UNIVERSITY NHS FOUNDATION TRUST,3117,36069,89.30%,89.3% (3117),RVV01,RVV
201902,RVV,EAST KENT HOSPITALS UNIVERSITY NHS FOUNDATION TRUST,3117,36069,89.30%,89.3% (3117),RVV02,RVV
201902,RVV,EAST KENT HOSPITALS UNIVERSITY NHS FOUNDATION TRUST,3117,36069,89.30%,89.3% (3117),RVV03,RVV
201902,RVV,EAST KENT HOSPITALS UNIVERSITY NHS FOUNDATION TRUST,3117,36069,89.30%,89.3% (3117),RVV09,RVV
201902,RVV,EAST KENT HOSPITALS UNIVERSITY NHS FOUNDATION TRUST,3117,36069,89.30%,89.3% (3117),RVVKC,RVV
201902,RVW,NORTH TEES AND HARTLEPOOL NHS FOUNDATION TRUST,1026,9852,95.30%,95.3% (1026),RVWAA,RVW
201902,RVW,NORTH TEES AND HARTLEPOOL NHS FOUNDATION TRUST,1026,9852,95.30%,95.3% (1026),RVWAE,RVW
201902,RVY,SOUTHPORT AND ORMSKIRK HOSPITAL NHS TRUST,21,16710,76.20%,76.2% (21),RVY01,RVY
201902,RVY,SOUTHPORT AND ORMSKIRK HOSPITAL NHS TRUST,21,16710,76.20%,76.2% (21),RVY38,RVY
201902,RW6,PENNINE ACUTE HOSPITALS NHS TRUST,2090,53632,91%,91% (2090),RW601,RW6
201902,RW6,PENNINE ACUTE HOSPITALS NHS TRUST,2090,53632,91%,91% (2090),RW602,RW6
201902,RW6,PENNINE ACUTE HOSPITALS NHS TRUST,2090,53632,91%,91% (2090),RW603,RW6
201902,RWA,HULL AND EAST YORKSHIRE HOSPITALS NHS TRUST,2396,49363,98.50%,98.5% (2396),RWA16,RWA
201902,RWA,HULL AND EAST YORKSHIRE HOSPITALS NHS TRUST,2396,49363,98.50%,98.5% (2396),RWA18,RWA
201902,RWA,HULL AND EAST YORKSHIRE HOSPITALS NHS TRUST,2396,49363,98.50%,98.5% (2396),RWA24,RWA
201902,RWD,UNITED LINCOLNSHIRE HOSPITALS NHS TRUST,3162,41027,92.40%,92.4% (3162),RWDAA,RWD
201902,RWD,UNITED LINCOLNSHIRE HOSPITALS NHS TRUST,3162,41027,92.40%,92.4% (3162),RWDAS,RWD
201902,RWD,UNITED LINCOLNSHIRE HOSPITALS NHS TRUST,3162,41027,92.40%,92.4% (3162),RWDDA,RWD
201902,RWD,UNITED LINCOLNSHIRE HOSPITALS NHS TRUST,3162,41027,92.40%,92.4% (3162),RWDLA,RWD
201902,RWD,UNITED LINCOLNSHIRE HOSPITALS NHS TRUST,3162,41027,92.40%,92.4% (3162),RWDLB,RWD
201902,RWD,UNITED LINCOLNSHIRE HOSPITALS NHS TRUST,3162,41027,92.40%,92.4% (3162),RWDLD,RWD
201902,RWD,UNITED LINCOLNSHIRE HOSPITALS NHS TRUST,3162,41027,92.40%,92.4% (3162),RWDLP,RWD
201902,RWE,UNIVERSITY HOSPITALS OF LEICESTER NHS TRUST,6016,63193,95.30%,95.3% (6016),RWEAE,RWE
201902,RWE,UNIVERSITY HOSPITALS OF LEICESTER NHS TRUST,6016,63193,95.30%,95.3% (6016),RWEAK,RWE
201902,RWE,UNIVERSITY HOSPITALS OF LEICESTER NHS TRUST,6016,63193,95.30%,95.3% (6016),RWELL,RWE
201902,RWE,UNIVERSITY HOSPITALS OF LEICESTER NHS TRUST,6016,63193,95.30%,95.3% (6016),RWELS,RWE
201902,RWF,MAIDSTONE AND TUNBRIDGE WELLS NHS TRUST,102,36262,84.30%,84.3% (102),RWF03,RWF
201902,RWF,MAIDSTONE AND TUNBRIDGE WELLS NHS TRUST,102,36262,84.30%,84.3% (102),RWFTW,RWF
201902,RWG,WEST HERTFORDSHIRE HOSPITALS NHS TRUST,3322,24518,92.30%,92.3% (3322),RWG02,RWG
201902,RWG,WEST HERTFORDSHIRE HOSPITALS NHS TRUST,3322,24518,92.30%,92.3% (3322),RWG03,RWG
201902,RWG,WEST HERTFORDSHIRE HOSPITALS NHS TRUST,3322,24518,92.30%,92.3% (3322),RWG08,RWG
201902,RWH,EAST AND NORTH HERTFORDSHIRE NHS TRUST,2281,31801,94.40%,94.4% (2281),RWH01,RWH
201902,RWH,EAST AND NORTH HERTFORDSHIRE NHS TRUST,2281,31801,94.40%,94.4% (2281),RWH20,RWH
201902,RWH,EAST AND NORTH HERTFORDSHIRE NHS TRUST,2281,31801,94.40%,94.4% (2281),RWH23,RWH
201902,RWJ,STOCKPORT NHS FOUNDATION TRUST,1004,23554,93.10%,93.1% (1004),RWJ09,RWJ
201902,RWP,WORCESTERSHIRE ACUTE HOSPITALS NHS TRUST,2797,28946,93%,93% (2797),RWP01,RWP
201902,RWP,WORCESTERSHIRE ACUTE HOSPITALS NHS TRUST,2797,28946,93%,93% (2797),RWP03,RWP
201902,RWP,WORCESTERSHIRE ACUTE HOSPITALS NHS TRUST,2797,28946,93%,93% (2797),RWP31,RWP
201902,RWP,WORCESTERSHIRE ACUTE HOSPITALS NHS TRUST,2797,28946,93%,93% (2797),RWP50,RWP
201902,RWW,WARRINGTON AND HALTON HOSPITALS NHS FOUNDATION TRUST,2702,24822,93.60%,93.6% (2702),RWWHG,RWW
201902,RWW,WARRINGTON AND HALTON HOSPITALS NHS FOUNDATION TRUST,2702,24822,93.60%,93.6% (2702),RWWWH,RWW
201902,RWY,CALDERDALE AND HUDDERSFIELD NHS FOUNDATION TRUST,2581,28861,90.70%,90.7% (2581),RWY02,RWY
201902,RX1,NOTTINGHAM UNIVERSITY HOSPITALS NHS TRUST,6067,44108,95.70%,95.7% (6067),RX1CC,RX1
201902,RX1,NOTTINGHAM UNIVERSITY HOSPITALS NHS TRUST,6067,44108,95.70%,95.7% (6067),RX1NL,RX1
201902,RXC,EAST SUSSEX HEALTHCARE NHS TRUST,986,24612,97.60%,97.6% (986),RXC01,RXC
201902,RXC,EAST SUSSEX HEALTHCARE NHS TRUST,986,24612,97.60%,97.6% (986),RXC02,RXC
201902,RXC,EAST SUSSEX HEALTHCARE NHS TRUST,986,24612,97.60%,97.6% (986),RXC03,RXC
201902,RXC,EAST SUSSEX HEALTHCARE NHS TRUST,986,24612,97.60%,97.6% (986),RXC18,RXC
201902,RXF,MID YORKSHIRE HOSPITALS NHS TRUST,3018,38302,96.80%,96.8% (3018),RXF05,RXF
201902,RXF,MID YORKSHIRE HOSPITALS NHS TRUST,3018,38302,96.80%,96.8% (3018),RXF10,RXF
201902,RXH,BRIGHTON AND SUSSEX UNIVERSITY HOSPITALS NHS TRUST,2271,44350,94.20%,94.2% (2271),RXH01,RXH
201902,RXH,BRIGHTON AND SUSSEX UNIVERSITY HOSPITALS NHS TRUST,2271,44350,94.20%,94.2% (2271),RXH05,RXH
201902,RXH,BRIGHTON AND SUSSEX UNIVERSITY HOSPITALS NHS TRUST,2271,44350,94.20%,94.2% (2271),RXH09,RXH
201902,RXH,BRIGHTON AND SUSSEX UNIVERSITY HOSPITALS NHS TRUST,2271,44350,94.20%,94.2% (2271),RXH21,RXH
201902,RXH,BRIGHTON AND SUSSEX UNIVERSITY HOSPITALS NHS TRUST,2271,44350,94.20%,94.2% (2271),RXH35,RXH
201902,RXH,BRIGHTON AND SUSSEX UNIVERSITY HOSPITALS NHS TRUST,2271,44350,94.20%,94.2% (2271),RXH42,RXH
201902,RXK,SANDWELL AND WEST BIRMINGHAM HOSPITALS NHS TRUST,925,44473,89.70%,89.7% (925),RXK01,RXK
201902,RXK,SANDWELL AND WEST BIRMINGHAM HOSPITALS NHS TRUST,925,44473,89.70%,89.7% (925),RXK02,RXK
201902,RXK,SANDWELL AND WEST BIRMINGHAM HOSPITALS NHS TRUST,925,44473,89.70%,89.7% (925),RXK10,RXK
201902,RXL,BLACKPOOL TEACHING HOSPITALS NHS FOUNDATION TRUST,518,30454,94.60%,94.6% (518),RXL01,RXL
201902,RXL,BLACKPOOL TEACHING HOSPITALS NHS FOUNDATION TRUST,518,30454,94.60%,94.6% (518),RXL04,RXL
201902,RXL,BLACKPOOL TEACHING HOSPITALS NHS FOUNDATION TRUST,518,30454,94.60%,94.6% (518),RXL06,RXL
201902,RXN,LANCASHIRE TEACHING HOSPITALS NHS FOUNDATION TRUST,2517,42505,90.20%,90.2% (2517),RXN01,RXN
201902,RXN,LANCASHIRE TEACHING HOSPITALS NHS FOUNDATION TRUST,2517,42505,90.20%,90.2% (2517),RXN02,RXN
201902,RXN,LANCASHIRE TEACHING HOSPITALS NHS FOUNDATION TRUST,2517,42505,90.20%,90.2% (2517),RXN11,RXN
201902,RXP,COUNTY DURHAM AND DARLINGTON NHS FOUNDATION TRUST,314,30650,97.10%,97.1% (314),RXP09,RXP
201902,RXP,COUNTY DURHAM AND DARLINGTON NHS FOUNDATION TRUST,314,30650,97.10%,97.1% (314),RXP35,RXP
201902,RXP,COUNTY DURHAM AND DARLINGTON NHS FOUNDATION TRUST,314,30650,97.10%,97.1% (314),RXP69,RXP
201902,RXP,COUNTY DURHAM AND DARLINGTON NHS FOUNDATION TRUST,314,30650,97.10%,97.1% (314),RXPBA,RXP
201902,RXP,COUNTY DURHAM AND DARLINGTON NHS FOUNDATION TRUST,314,30650,97.10%,97.1% (314),RXPCC,RXP
201902,RXP,COUNTY DURHAM AND DARLINGTON NHS FOUNDATION TRUST,314,30650,97.10%,97.1% (314),RXPCL,RXP
201902,RXP,COUNTY DURHAM AND DARLINGTON NHS FOUNDATION TRUST,314,30650,97.10%,97.1% (314),RXPCP,RXP
201902,RXP,COUNTY DURHAM AND DARLINGTON NHS FOUNDATION TRUST,314,30650,97.10%,97.1% (314),RXPDA,RXP
201902,RXQ,BUCKINGHAMSHIRE HEALTHCARE NHS TRUST,411,24627,92.90%,92.9% (411),RXQ02,RXQ
201902,RXQ,BUCKINGHAMSHIRE HEALTHCARE NHS TRUST,411,24627,92.90%,92.9% (411),RXQ50,RXQ
201902,RXQ,BUCKINGHAMSHIRE HEALTHCARE NHS TRUST,411,24627,92.90%,92.9% (411),RXQ51,RXQ
201902,RXR,EAST LANCASHIRE HOSPITALS NHS TRUST,1210,40919,95.50%,95.5% (1210),RXR10,RXR
201902,RXR,EAST LANCASHIRE HOSPITALS NHS TRUST,1210,40919,95.50%,95.5% (1210),RXR20,RXR
201902,RXR,EAST LANCASHIRE HOSPITALS NHS TRUST,1210,40919,95.50%,95.5% (1210),RXR50,RXR
201902,RXR,EAST LANCASHIRE HOSPITALS NHS TRUST,1210,40919,95.50%,95.5% (1210),RXR60,RXR
201902,RXR,EAST LANCASHIRE HOSPITALS NHS TRUST,1210,40919,95.50%,95.5% (1210),RXR70,RXR
201902,RXW,SHREWSBURY AND TELFORD HOSPITAL NHS TRUST,1574,26791,96.90%,96.9% (1574),RXWAS,RXW
201902,RXW,SHREWSBURY AND TELFORD HOSPITAL NHS TRUST,1574,26791,96.90%,96.9% (1574),RXWAT,RXW
201902,RXW,SHREWSBURY AND TELFORD HOSPITAL NHS TRUST,1574,26791,96.90%,96.9% (1574),RXWMB,RXW
201902,RXW,SHREWSBURY AND TELFORD HOSPITAL NHS TRUST,1574,26791,96.90%,96.9% (1574),RXWML,RXW
201902,RYJ,IMPERIAL COLLEGE HEALTHCARE NHS TRUST,13363,77893,94.60%,94.6% (13363),RYJ01,RYJ
201902,RYJ,IMPERIAL COLLEGE HEALTHCARE NHS TRUST,13363,77893,94.60%,94.6% (13363),RYJ02,RYJ
201902,RYJ,IMPERIAL COLLEGE HEALTHCARE NHS TRUST,13363,77893,94.60%,94.6% (13363),RYJ03,RYJ
201902,RYJ,IMPERIAL COLLEGE HEALTHCARE NHS TRUST,13363,77893,94.60%,94.6% (13363),RYJ04,RYJ
201902,RYJ,IMPERIAL COLLEGE HEALTHCARE NHS TRUST,13363,77893,94.60%,94.6% (13363),RYJ07,RYJ
201902,RYR,WESTERN SUSSEX HOSPITALS NHS FOUNDATION TRUST,2856,28310,96.70%,96.7% (2856),RYR14,RYR
201902,RYR,WESTERN SUSSEX HOSPITALS NHS FOUNDATION TRUST,2856,28310,96.70%,96.7% (2856),RYR16,RYR
201902,RYR,WESTERN SUSSEX HOSPITALS NHS FOUNDATION TRUST,2856,28310,96.70%,96.7% (2856),RYR18,RYR
