Location Name,Location ID,Location Name,Location ID,Metropolitan,National,Connections,Region,Amended,"Town, Hospital, Postcode, Listing Detail",,"Postcode characters
(End London, Start elsewhere)",Postcode,First Space,Town,LEN,,Len - Postcode & Flag,Hospital Name
King's College Hospital ,RJZ01,King's College Hospital ,RJZ01,1,1,,London,SE5 9RS King’s College Hospital M N,SE5 9RS King’s College Hospital M N,2,7,SE5 9RS,4,London,35,,24,King’s College Hospital 
St Anthony's Hospital ,1-1382018165,St Anthony's Hospital ,1-1382018165,1,1,1,London,SM3 9DW Spire St Anthony’s Hospital M N C,SM3 9DW ★ Spire St Anthony’s Hospital M N C,3,7,SM3 9DW,4,London,41,,28,Spire St Anthony’s Hospital 
The Lister Hospital ,1-126955884,The Lister Hospital ,1-126955884,1,,,London,SW1W 8RH HCA Lister Hospital M,SW1W 8RH ★ HCA Lister Hospital M,1,8,SW1W 8RH,5,London,30,,20,HCA Lister Hospital 
The Royal Marsden - London ,RPY01,The Royal Marsden - London ,RPY01,1,1,,London,SW3 6JJ Royal Marsden Hospital - Chelsea M N,SW3 6JJ Royal Marsden Hospital - Chelsea M N,2,7,SW3 6JJ,4,London,44,,33,Royal Marsden Hospital - Chelsea 
Royal Brompton Hospital ,RT302,Royal Brompton Hospital ,RT302,1,1,,London,SW3 6NP Royal Brompton Hospital M N,SW3 6NP Royal Brompton Hospital M N,2,7,SW3 6NP,4,London,35,,24,Royal Brompton Hospital 
BUPA Cromwell Hospital ,1-130440888,BUPA Cromwell Hospital ,1-130440888,1,1,,London,SW5 0TU Bupa Cromwell Hospital M N,SW5 0TU ★ Bupa Cromwell Hospital M N,2,7,SW5 0TU,4,London,34,,23,Bupa Cromwell Hospital 
Chelsea and Westminster Hospital ,RQM01,Chelsea and Westminster Hospital ,RQM01,1,1,,London,SW10 9NH Chelsea and Westminster Hospital M N,SW10 9NH Chelsea and Westminster Hospital M N,2,8,SW10 9NH,5,London,45,,33,Chelsea and Westminster Hospital 
,,,,1,1,,London,SW15 5JJ The Priory Hospital Roehampton M N,SW15 5JJ ★ The Priory Hospital Roehampton M N,2,8,SW15 5JJ,5,London,43,,31,The Priory Hospital Roehampton 
St George's Hospital (Tooting) ,RJ701,St George's Hospital (Tooting) ,RJ701,1,1,,London,SW17 0QT St George’s Hospital M N,SW17 0QT St George’s Hospital M N,2,8,SW17 0QT,5,London,33,,21,St George’s Hospital 
Parkside Hospital ,1-1890547068,Parkside Hospital ,1-1890547068,1,1,,London,"SW19 5NX Parkside Hospital, Wimbledon M N","SW19 5NX ★ Parkside Hospital, Wimbledon M N",2,8,SW19 5NX,5,London,41,,29,"Parkside Hospital, Wimbledon "
BMI Syon Clinic ,1-131838369,BMI Syon Clinic ,1-131838369,1,1,1,London,TW8 9DU Syon Clinic M N C,TW8 9DU ★ Syon Clinic M N C,3,7,TW8 9DU,4,London,25,,12,Syon Clinic 
Weymouth Hospital ,1-129508000,Weymouth Hospital ,1-129508000,1,1,1,London,W1G 6NP Weymouth Street Hospital M N C,W1G 6NP ★ Weymouth Street Hospital M N C,3,7,W1G 6NP,4,London,38,,25,Weymouth Street Hospital 
The Harley Street Clinic ,1-126955771,The Harley Street Clinic ,1-126955771,1,,,London,W1G 8BJ HCA Harley Street Clinic M,W1G 8BJ ★ HCA Harley Street Clinic M,1,7,W1G 8BJ,4,London,34,,25,HCA Harley Street Clinic 
,,,,1,1,,London,W1G 9JF Nuada Medical Specialist Imaging M N,W1G 9JF ★ Nuada Medical Specialist Imaging M N,2,7,W1G 9JF,4,London,44,,33,Nuada Medical Specialist Imaging 
The Portland Hospital for Women and Children ,1-126955917,The Portland Hospital for Women and Children ,1-126955917,1,,,London,W1W 5AH HCA Portland Hospital For Women & Children M,W1W 5AH ★ HCA Portland Hospital For Women & Children M,1,7,W1W 5AH,4,London,52,,43,HCA Portland Hospital For Women & Children 
The Princess Grace Hospital ,1-126955732,The Princess Grace Hospital ,1-126955732,1,,,London,W1U 5NY HCA Princess Grace Hospital M,W1U 5NY ★ HCA Princess Grace Hospital M,1,7,W1U 5NY,4,London,37,,28,HCA Princess Grace Hospital 
King Edward VII's Hospital ,1-114202635,King Edward VII's Hospital ,1-114202635,1,1,,London,W1G 6AA King Edward VII’s Hospital Sister Agnes M N,W1G 6AA ★ King Edward VII’s Hospital Sister Agnes M N,2,7,W1G 6AA,4,London,51,,40,King Edward VII’s Hospital Sister Agnes 
The London Clinic ,1-114617347,The London Clinic ,1-114617347,1,,,London,W1G 6BW London Clinic M,W1G 6BW ★ London Clinic M,1,7,W1G 6BW,4,London,23,,14,London Clinic 
,,,,1,1,,London,W1H 6EQ Fortius Clinic M N,W1H 6EQ ★ Fortius Clinic M N,2,7,W1H 6EQ,4,London,26,,15,Fortius Clinic 
St Mary's Hospital ,RYJ01,St Mary's Hospital ,RYJ01,1,1,1,London,W2 1NY St Mary’s Hospital M N C,W2 1NY St Mary’s Hospital M N C,3,6,W2 1NY,3,London,31,,19,St Mary’s Hospital 
Charing Cross Hospital ,RYJ02,Charing Cross Hospital ,RYJ02,1,1,1,London,W6 8RF Charing Cross Hospital M N C,W6 8RF Charing Cross Hospital M N C,3,6,W6 8RF,3,London,35,,23,Charing Cross Hospital 
Hammersmith Hospitals ,RYJ03,Hammersmith Hospitals ,RYJ03,1,1,1,London,W12 0HS Hammersmith Hospital M N C,W12 0HS Hammersmith Hospital M N C,3,7,W12 0HS,4,London,34,,21,Hammersmith Hospital 
Queen Charlottes and Chelsea Hospital ,RYJ04,Queen Charlottes and Chelsea Hospital ,RYJ04,1,1,1,London,W12 0HS Queen Charlotte’s & Chelsea Hospital M N C,W12 0HS Queen Charlotte’s & Chelsea Hospital M N C,3,7,W12 0HS,4,London,50,,37,Queen Charlotte’s & Chelsea Hospital 
Great Ormond Street Hospital ,RP401,Great Ormond Street Hospital ,RP401,1,1,,London,WC1N 3JH Great Ormond Street Hospital For Sick Children M N,WC1N 3JH Great Ormond Street Hospital For Sick Children M N,2,8,WC1N 3JH,5,London,59,,47,Great Ormond Street Hospital For Sick Children 
The Gamma Knife Centre at The National Hospital for Neurology and Neurosurgery ,1-500740407,The Gamma Knife Centre at The National Hospital for Neurology and Neurosurgery ,1-500740407,1,1,,London,WC1N 3BG National Hospital For Neurology M N,WC1N 3BG National Hospital For Neurology M N,2,8,WC1N 3BG,5,London,44,,32,National Hospital For Neurology 
BMI The London Independent Hospital ,1-128766965,BMI The London Independent Hospital ,1-128766965,1,1,1,London,E1 4NL BMI London Independent Hospital M N C,E1 4NL ★ BMI London Independent Hospital M N C,3,6,E1 4NL,3,London,44,,32,BMI London Independent Hospital 
St Bartholomew's Hospital ,R1HM0,St Bartholomew's Hospital ,R1HM0,1,1,,London,EC1A 7BE St Bartholomew’s Hospital M N,EC1A 7BE St Bartholomew’s Hospital M N,2,8,EC1A 7BE,5,London,38,,26,St Bartholomew’s Hospital 
Moorfields Eye Hospital ,RP601,Moorfields Eye Hospital ,RP601,1,1,,London,EC1V 2PD Moorfields Eye Hospital M N,EC1V 2PD Moorfields Eye Hospital M N,2,8,EC1V 2PD,5,London,36,,24,Moorfields Eye Hospital 
BMI Coombe Wing ,1-128758442,BMI Coombe Wing ,1-128758442,1,1,1,London,KT2 7QB BMI Coombe Wing M N C,KT2 7QB ★ BMI Coombe Wing M N C,3,7,KT2 7QB,4,London,29,,16,BMI Coombe Wing 
The New Victoria Hospital ,1-108386437,The New Victoria Hospital ,1-108386437,1,1,,London,KT2 7EG New Victoria Hospital Kingston M N,KT2 7EG ★ New Victoria Hospital Kingston M N,2,7,KT2 7EG,4,London,42,,31,New Victoria Hospital Kingston 
Highgate Hospital ,1-1890546867,Highgate Hospital ,1-1890546867,1,1,,London,N6 4DJ Highgate Hospital M N,N6 4DJ ★ Highgate Hospital M N,2,6,N6 4DJ,3,London,28,,18,Highgate Hospital 
,,,,1,1,,London,N14 6RA The Priory Hospital North London M N,N14 6RA ★ The Priory Hospital North London M N,2,7,N14 6RA,4,London,44,,33,The Priory Hospital North London 
North Middlesex University Hospital ,RAPNM,North Middlesex University Hospital ,RAPNM,1,1,,London,N18 1QX North Middlesex University Hospital M N,N18 1QX North Middlesex University Hospital M N,2,7,N18 1QX,4,London,47,,36,North Middlesex University Hospital 
,,,,1,1,,London,NW1 6SH Capio Nightingale Hospital M N,NW1 6SH ★ Capio Nightingale Hospital M N,2,7,NW1 6SH,4,London,38,,27,Capio Nightingale Hospital 
HCA Healthcare UK at University College Hospital ,1-126955790,HCA Healthcare UK at University College Hospital ,1-126955790,1,,,London,NW1 2BU Harley Street At UCH M,NW1 2BU ★ Harley Street At UCH M,1,7,NW1 2BU,4,London,30,,21,Harley Street At UCH 
Western Eye Hospital ,RYJ07,Western Eye Hospital ,RYJ07,1,1,1,London,NW1 5QH Western Eye Hospital M N C,NW1 5QH Western Eye Hospital M N C,3,7,NW1 5QH,4,London,34,,21,Western Eye Hospital 
The Royal Free Hospital ,RAL01,The Royal Free Hospital ,RAL01,1,1,,London,NW3 2QG Royal Free Hospital M N,NW3 2QG Royal Free Hospital M N,2,7,NW3 2QG,4,London,31,,20,Royal Free Hospital 
Clinical Diagnostic Services ,1-1150357230,Clinical Diagnostic Services ,1-1150357230,1,1,1,London,NW4 1RP BMI Hendon Garden Hospital M N C,NW4 1RP ★ BMI Hendon Garden Hospital M N C,3,7,NW4 1RP,4,London,40,,27,BMI Hendon Garden Hospital 
The Wellington Hospital ,1-126955711,The Wellington Hospital ,1-126955711,1,,,London,NW8 9LE HCA Wellington Hospital M,NW8 9LE ★ HCA Wellington Hospital M,1,7,NW8 9LE,4,London,33,,24,HCA Wellington Hospital 
Hospital of St John & St Elizabeth ,1-115480780,Hospital of St John & St Elizabeth ,1-115480780,1,1,,London,NW8 9NH British Hernia Centre M N,NW8 9NH ★ British Hernia Centre M N,2,7,NW8 9NH,4,London,33,,22,British Hernia Centre 
Hospital of St John & St Elizabeth ,1-115480780,Hospital of St John & St Elizabeth ,1-115480780,1,1,,London,NW8 9NH Hospital of St John & St Elizabeth M N,NW8 9NH ★ Hospital of St John & St Elizabeth M N,2,7,NW8 9NH,4,London,46,,35,Hospital of St John & St Elizabeth 
The London Bridge Hospital ,1-126955902,The London Bridge Hospital ,1-126955902,1,,,London,SE1 2PR HCA London Bridge Hospital M,SE1 2PR ★ HCA London Bridge Hospital M,1,7,SE1 2PR,4,London,36,,27,HCA London Bridge Hospital 
St Thomas' Hospital ,RJ122,St Thomas' Hospital ,RJ122,1,1,1,London,SE1 7EH St Thomas’ Hospital M N C,SE1 7EH St Thomas’ Hospital M N C,3,7,SE1 7EH,4,London,33,,20,St Thomas’ Hospital 
BMI The Blackheath Hospital ,1-128758547,BMI The Blackheath Hospital ,1-128758547,1,1,1,London,SE3 9UD BMI Blackheath Hospital M N C,SE3 9UD ★ BMI Blackheath Hospital M N C,3,7,SE3 9UD,4,London,37,,24,BMI Blackheath Hospital 
BMI The Shirley Oaks Hospital ,1-128767270,BMI The Shirley Oaks Hospital ,1-128767270,1,1,1,London,CR9 8AB BMI Shirley Oaks Hospital M N C,CR9 8AB ★ BMI Shirley Oaks Hospital M N C,3,7,CR9 8AB,4,London,39,,26,BMI Shirley Oaks Hospital 
Ashtead Hospital ,1-128718687,Ashtead Hospital ,1-128718687,1,1,1,England - South East,"Ashtead Ashtead Hospital, KT21 2SB M N C","Ashtead ★ Ashtead Hospital, KT21 2SB M N C",3,7,KT21 2SB,8,Ashtead,40,11,27,Ashtead Hospital
BMI The Sloane Hospital ,1-128767290,BMI The Sloane Hospital ,1-128767290,1,1,1,England - South East,"Beckenham BMI The Sloane Hospital, BR3 5HS M N C","Beckenham ★ BMI The Sloane Hospital, BR3 5HS M N C",3,9,BR3 5HS,10,Beckenham,48,10,33,BMI The Sloane Hospital
Nuffield Health Brighton Hospital ,1-115574357,Nuffield Health Brighton Hospital ,1-115574357,1,1,1,England - South East,"Brighton Nuffield Health Brighton Hospital, BN2 6DX M N C","Brighton ★ Nuffield Health Brighton Hospital, BN2 6DX M N C",3,8,BN2 6DX,9,Brighton,57,10,43,Nuffield Health Brighton Hospital
Royal Sussex County Hospital ,RXH01,Royal Sussex County Hospital ,RXH01,1,1,,England - South East,"Brighton Royal Sussex County Hospital, BN2 5BE M N","Brighton Royal Sussex County Hospital, BN2 5BE M N",2,8,BN2 5BE,9,Brighton,50,10,38,Royal Sussex County Hospital
,,,,1,1,,England - South East,"Brighton The Priory Hospital Brighton & Hove, BN3 4FH M N","Brighton ★ The Priory Hospital Brighton & Hove, BN3 4FH M N",2,8,BN3 4FH,9,Brighton,57,10,45,The Priory Hospital Brighton & Hove
,,,,1,1,,England - South East,"Bromley The Priory Hospital Hayes Grove, BR2 7AS M N","Bromley ★ The Priory Hospital Hayes Grove, BR2 7AS M N",2,7,BR2 7AS,8,Bromley,52,10,41,The Priory Hospital Hayes Grove
Frimley Park Hospital - Scanning Centre ,1-153773302,Frimley Park Hospital - Scanning Centre ,1-153773302,1,1,,England - South East,"Camberley Frimley Park Hospital - Parkside Suite, GU16 7UJ M N","Camberley Frimley Park Hospital - Parkside Suite, GU16 7UJ M N",2,9,GU16 7UJ,10,Camberley,62,11,49,Frimley Park Hospital - Parkside Suite
BMI The Chaucer Hospital ,1-128758675,BMI The Chaucer Hospital ,1-128758675,1,1,1,England - South East,"Canterbury BMI The Chaucer Hospital, CT4 7AR M N C","Canterbury ★ BMI The Chaucer Hospital, CT4 7AR M N C",3,10,CT4 7AR,11,Canterbury,50,10,34,BMI The Chaucer Hospital
Kent & Canterbury Hospital ,RVVKC,Kent & Canterbury Hospital ,RVVKC,1,1,,England - South East,"Canterbury Kent And Canterbury Hospital, CT1 3NG M N","Canterbury Kent And Canterbury Hospital, CT1 3NG M N",2,10,CT1 3NG,11,Canterbury,52,10,38,Kent And Canterbury Hospital
North Downs Hospital ,1-128733015,North Downs Hospital ,1-128733015,1,1,1,England - South East,"Caterham North Downs Hospital , CR3 6DP M N C","Caterham ★ North Downs Hospital , CR3 6DP M N C",3,8,CR3 6DP,9,Caterham,45,10,31,North Downs Hospital 
BMI The Runnymede Hospital ,1-128767168,BMI The Runnymede Hospital ,1-128767168,1,1,1,England - South East,"Chertsey BMI The Runnymede Hospital, KT16 0RQ M N C","Chertsey ★ BMI The Runnymede Hospital, KT16 0RQ M N C",3,8,KT16 0RQ,9,Chertsey,51,11,37,BMI The Runnymede Hospital
Nuffield Health Chichester Hospital ,1-115574439,Nuffield Health Chichester Hospital ,1-115574439,1,1,,England - South East,"Chichester Nuffield Health Chichester Hospital, PO19 4BE M N","Chichester ★ Nuffield Health Chichester Hospital, PO19 4BE M N",2,10,PO19 4BE,11,Chichester,60,11,46,Nuffield Health Chichester Hospital
Benenden Hospital ,1-118024670,Benenden Hospital ,1-118024670,1,1,,England - South East,"Cranbrook Benenden Hospital, TN17 4AX M N","Cranbrook ★ Benenden Hospital, TN17 4AX M N",2,9,TN17 4AX,10,Cranbrook,41,11,28,Benenden Hospital
Crawley ,RDR3E,Crawley ,RDR3E,1,1,,England - South East,"Crawley Crawley Hospital, RH11 7DH M N","Crawley Crawley Hospital, RH11 7DH M N",2,7,RH11 7DH,8,Crawley,38,11,27,Crawley Hospital
Horder Healthcare,1-109183027,Horder Healthcare,1-109183027,1,1,,England - South East,"Crowborough Horder Centre, TN6 1XP M N","Crowborough ★ Horder Centre, TN6 1XP M N",2,11,TN6 1XP,12,Crowborough,38,10,23,Horder Centre
BMI Fawkham Manor Hospital ,1-128766738,BMI Fawkham Manor Hospital ,1-128766738,1,1,1,England - South East,"Dartford BMI Fawkham Manor Hospital, DA3 8ND M N C","Dartford ★ BMI Fawkham Manor Hospital, DA3 8ND M N C",3,8,DA3 8ND,9,Dartford,50,10,36,BMI Fawkham Manor Hospital
BMI The Esperance Hospital ,1-128758484,BMI The Esperance Hospital ,1-128758484,1,1,1,England - South East,"Eastbourne BMI Esperance Hospital, BN21 3BG M N C","Eastbourne ★ BMI Esperance Hospital, BN21 3BG M N C",3,10,BN21 3BG,11,Eastbourne,49,11,33,BMI Esperance Hospital
Eastbourne District General Hospital ,RXC02,Eastbourne District General Hospital ,RXC02,1,1,,England - South East,"Eastbourne Eastbourne District General Hospital, BN21 2UD M N","Eastbourne Eastbourne District General Hospital, BN21 2UD M N",2,10,BN21 2UD,11,Eastbourne,61,11,47,Eastbourne District General Hospital
"The Mcindoe Centre, Part of Horder Healthcare ",1-2115222657,"The Mcindoe Centre, Part of Horder Healthcare ",1-2115222657,1,1,,England - South East,"East-Grinstead McIndoe Surgical Centre, RH19 3EB M N","East Grinstead ★ McIndoe Surgical Centre, RH19 3EB M N",2,14,RH19 3EB,15,East-Grinstead,52,11,34,McIndoe Surgical Centre
Epsom General Hospital ,RVR50,Epsom General Hospital ,RVR50,1,1,,England - South East,"Epsom Epsom General - Northey Suite, KT18 7EG M N","Epsom Epsom General - Northey Suite, KT18 7EG M N",2,5,KT18 7EG,6,Epsom,49,11,40,Epsom General - Northey Suite
Spire Clare Park Hospital ,1-2745447408,Spire Clare Park Hospital ,1-2745447408,1,1,,England - South East,"Farnham Spire Clare Park, GU10 5XX M N","Farnham ★ Spire Clare Park, GU10 5XX M N",2,7,GU10 5XX,8,Farnham,38,11,27,Spire Clare Park
BMI Mount Alvernia Hospital ,1-128767043,BMI Mount Alvernia Hospital ,1-128767043,1,1,1,England - South East,"Guildford BMI Mount Alvernia Hospital, GU1 3LX M N C","Guildford ★ BMI Mount Alvernia Hospital, GU1 3LX M N C",3,9,GU1 3LX,10,Guildford,52,10,37,BMI Mount Alvernia Hospital
Nuffield Health Guildford Hospital ,1-115574498,Nuffield Health Guildford Hospital ,1-115574498,1,1,,England - South East,"Guildford Nuffield Health Guildford Hospital, GU2 7RF M N","Guildford ★ Nuffield Health Guildford Hospital, GU2 7RF M N",2,9,GU2 7RF,10,Guildford,57,10,44,Nuffield Health Guildford Hospital
Royal Surrey County Hospital ,RA201,Royal Surrey County Hospital ,RA201,1,1,,England - South East,"Guildford Royal Surrey County Hospital, GU2 7XX M N","Guildford Royal Surrey County Hospital, GU2 7XX M N",2,9,GU2 7XX,10,Guildford,51,10,38,Royal Surrey County Hospital
Spire Sussex Hospital ,1-129798431,Spire Sussex Hospital ,1-129798431,1,1,,England - South East,"Hastings Spire Sussex Hospital, TN37 7RE M N","Hastings ★ Spire Sussex Hospital, TN37 7RE M N",2,8,TN37 7RE,9,Hastings,44,11,32,Spire Sussex Hospital
Conquest Hospital ,RXC01,Conquest Hospital ,RXC01,1,1,,England - South East,"Hastings Conquest Hospital, TN37 7RD M N","Hastings Conquest Hospital, TN37 7RD M N",2,8,TN37 7RD,9,Hastings,40,11,28,Conquest Hospital
Nuffield Health Haywards Heath Hospital ,1-115574517,Nuffield Health Haywards Heath Hospital ,1-115574517,1,1,1,England - South East,"Haywards-Heath Nuffield Health Haywards Heath Hospital, RH16 1UD M N C","Haywards Heath ★ Nuffield Health Haywards Heath Hospital, RH16 1UD M N C",3,14,RH16 1UD,15,Haywards-Heath,70,11,50,Nuffield Health Haywards Heath Hospital
Princess Royal MRI Unit ,1-2577561968,Princess Royal MRI Unit ,1-2577561968,1,1,,England - South East,"Haywards-Heath Princess Royal Hospital, RH16 4EX M N","Haywards Heath Princess Royal Hospital, RH16 4EX M N",2,14,RH16 4EX,15,Haywards-Heath,52,11,34,Princess Royal Hospital
Spire Gatwick Park Hospital ,1-129798171,Spire Gatwick Park Hospital ,1-129798171,1,1,1,England - South East,"Horley Spire Gatwick Park Hospital, RH6 0BB M N C","Horley ★ Spire Gatwick Park Hospital, RH6 0BB M N C",3,6,RH6 0BB,7,Horley,49,10,37,Spire Gatwick Park Hospital
The Montefiore Hospital ,1-523658550,The Montefiore Hospital ,1-523658550,1,1,1,England - South East,"Hove Spire Montefiore, BN3 1SE M N C","Hove ★ Spire Montefiore, BN3 1SE M N C",3,10,BN3 1SE,5,Hove,36,10,20,Montefiore
Closed 2015,,Closed 2015,,1,1,,England - South East,"Hythe Spire St Saviour’s Hospital, CT21 5BU M N","Hythe ★ Spire St Saviour’s Hospital, CT21 5BU M N",2,5,CT21 5BU,6,Hythe,47,11,38,Spire St Saviour’s Hospital
BMI The Somerfield Hospital ,1-128767312,BMI The Somerfield Hospital ,1-128767312,1,1,1,England - South East,"Maidstone BMI The Somerfield Hospital, ME16 0DU M N C","Maidstone ★ BMI The Somerfield Hospital, ME16 0DU M N C",3,9,ME16 0DU,10,Maidstone,53,11,38,BMI The Somerfield Hospital
KIMS Hospital ,1-1285831303,KIMS Hospital ,1-1285831303,1,1,,England - South East,"Maidstone KIMS Hospital Ltd, ME14 5FT M N","Maidstone ★ KIMS Hospital Ltd, ME14 5FT M N",2,9,ME14 5FT,10,Maidstone,41,11,28,KIMS Hospital Ltd
Maidstone Hospital ,RWF03,Maidstone Hospital ,RWF03,1,1,,England - South East,"Maidstone Maidstone Hospital, ME16 9QQ M N","Maidstone Maidstone Hospital, ME16 9QQ M N",2,9,ME16 9QQ,10,Maidstone,42,11,29,Maidstone Hospital
Spencer Private Hospital ,1-118822952,Spencer Private Hospital ,1-118822952,1,1,,England - South East,"Margate Spencer Private Hospital, CT9 4BG M N","Margate ★ Spencer Private Hospital, CT9 4BG M N",2,7,CT9 4BG,8,Margate,45,10,34,Spencer Private Hospital
BMI Chelsfield Park Hospital ,1-128758401,BMI Chelsfield Park Hospital ,1-128758401,1,1,1,England - South East,"Orpington BMI Chelsfield Park, BR6 7RG M N C","Orpington ★ BMI Chelsfield Park, BR6 7RG M N C",3,9,BR6 7RG,10,Orpington,44,10,29,BMI Chelsfield Park
Princess Royal University Hospital ,RJZ30,Princess Royal University Hospital ,RJZ30,1,1,,England - South East,"Orpington Princess Royal University Hospital, BR6 8ND M N","Orpington Princess Royal University Hospital, BR6 8ND M N",2,9,BR6 8ND,10,Orpington,57,10,44,Princess Royal University Hospital
The Royal Marsden - Sutton ,RPY02,The Royal Marsden - Sutton ,RPY02,1,1,,England - South East,"Sutton Royal Marsden Hospital - Sutton, SM2 5PT M N","Sutton Royal Marsden Hospital - Sutton, SM2 5PT M N",2,6,SM2 5PT,7,Sutton,51,10,41,Royal Marsden Hospital - Sutton
Nuffield Health Tunbridge Wells Hospital ,1-115574778,Nuffield Health Tunbridge Wells Hospital ,1-115574778,1,1,1,England - South East,"Tunbridge-Wells Nuffield Health Tunbrige Wells Hospital, TN2 4UL M N C","Tunbridge Wells ★ Nuffield Health Tunbrige Wells Hospital, TN2 4UL M N C",3,15,TN2 4UL,16,Tunbridge-Wells,70,10,49,Nuffield Health Tunbrige Wells Hospital
Spire Tunbridge Wells Hospital ,1-129798450,Spire Tunbridge Wells Hospital ,1-129798450,1,1,1,England - South East,"Tunbridge-Wells Spire Tunbridge Wells Hospital, TN3 0RD M N C","Tunbridge Wells ★ Spire Tunbridge Wells Hospital, TN3 0RD M N C",3,15,TN3 0RD,16,Tunbridge-Wells,61,10,40,Spire Tunbridge Wells Hospital
The Tunbridge Wells Hospital at Pembury ,RWFTW,The Tunbridge Wells Hospital at Pembury ,RWFTW,1,1,,England - South East,"Tunbridge-Wells Tunbridge Wells Hospital at Pembury, TN2 4QJ M N","Tunbridge Wells Tunbridge Wells Hospital at Pembury, TN2 4QJ M N",2,15,TN2 4QJ,16,Tunbridge-Wells,64,10,45,Tunbridge Wells Hospital at Pembury
Spire Alexandra Hospital ,1-129783078,Spire Alexandra Hospital ,1-129783078,1,1,,England - South East,"Walderslade Spire Alexandra Hospital, ME5 9PG M N","Walderslade ★ Spire Alexandra Hospital, ME5 9PG M N",2,11,ME5 9PG,12,Walderslade,49,10,34,Spire Alexandra Hospital
Nuffield Health Woking Hospital ,1-115574838,Nuffield Health Woking Hospital ,1-115574838,1,1,,England - South East,"Woking Nuffield Health Woking Hospital, GU21 4BY M N","Woking ★ Nuffield Health Woking Hospital, GU21 4BY M N",2,6,GU21 4BY,7,Woking,52,11,42,Nuffield Health Woking Hospital
,,,,1,1,,England - South East,"Woking The Priory Hospital Woking, GU21 2QF M N","Woking ★ The Priory Hospital Woking, GU21 2QF M N",2,6,GU21 2QF,7,Woking,47,11,37,The Priory Hospital Woking
BMI Goring Hall Hospital ,1-128766799,BMI Goring Hall Hospital ,1-128766799,1,1,1,England - South East,"Worthing BMI Goring Hall Hospital, BN12 5AT M N C","Worthing ★ BMI Goring Hall Hospital, BN12 5AT M N C",3,8,BN12 5AT,9,Worthing,49,11,35,BMI Goring Hall Hospital
Harefield Hospital ,RT301,Harefield Hospital ,RT301,1,1,,England - South East,"Harefield Harefield Hospital, UB9 6JH M N","Harefield Harefield Hospital, UB9 6JH M N",2,9,UB9 6JH,10,Harefield,41,10,28,Harefield Hospital
Spire Harpenden Hospital ,1-129798190,Spire Harpenden Hospital ,1-129798190,1,1,1,England - South East,"Harpenden Spire Harpenden Hospital, AL5 4BP M N C","Harpenden ★ Spire Harpenden Hospital, AL5 4BP M N C",3,9,AL5 4BP,10,Harpenden,49,10,34,Spire Harpenden Hospital
BMI The Clementine Churchill Hospital ,1-128758653,BMI The Clementine Churchill Hospital ,1-128758653,1,1,1,England - South East,"Harrow BMI Clementine Churchill Hospital, HA1 3RX M N C","Harrow ★ BMI Clementine Churchill Hospital, HA1 3RX M N C",3,6,HA1 3RX,7,Harrow,55,10,43,BMI Clementine Churchill Hospital
Northwick Park Hospital ,R1K01,Northwick Park Hospital ,R1K01,1,1,,England - South East,"Harrow Northwick Park Hospital Harrow, HA1 3UJ M N","Harrow Northwick Park Hospital Harrow, HA1 3UJ M N",2,6,HA1 3UJ,7,Harrow,50,10,40,Northwick Park Hospital Harrow
Northwick Park Hospital ,R1K01,Northwick Park Hospital ,R1K01,1,1,,England - South East,"Harrow St Mark’s, HA1 3UJ M N","Harrow St Mark’s, HA1 3UJ M N",2,6,HA1 3UJ,7,Harrow,29,10,19,St Mark’s
BMI The Shelburne Hospital ,1-128767252,BMI The Shelburne Hospital ,1-128767252,1,1,1,England - South East,"High Wycombe BMI Shelburne Hospital, HP11 2TR M N C","High Wycombe ★ BMI Shelburne Hospital, HP11 2TR M N C",3,12,HP11 2TR,5,High,51,11,33,BMI Shelburne Hospital
Pinehill Hospital ,1-128733068,Pinehill Hospital ,1-128733068,1,1,1,England - South East,"Hitchin Pinehill Hospital, SG4 9QZ M N C","Hitchin ★ Pinehill Hospital, SG4 9QZ M N C",3,7,SG4 9QZ,8,Hitchin,40,10,27,Pinehill Hospital
BMI The Saxon Clinic ,1-128767232,BMI The Saxon Clinic ,1-128767232,1,1,1,England - South East,"Milton-Keynes BMI Saxon Clinic, MK6 5LR M N C","Milton Keynes ★ BMI Saxon Clinic, MK6 5LR M N C",3,13,MK6 5LR,14,Milton-Keynes,45,10,26,BMI Saxon Clinic
St Mary's Hospital ,R1F01,St Mary's Hospital ,R1F01,1,1,,England - South East,"Newport (Isle of Wight) St Mary’s Hospital, PO30 5TG M N","Newport (Isle of Wight) St Mary’s Hospital, PO30 5TG M N",2,7,PO30 5TG,8,Newport,56,11,45,(Isle of Wight) St Mary’s Hospital
BMI Bishops Wood Hospital ,1-128758337,BMI Bishops Wood Hospital ,1-128758337,1,1,1,England - South East,"Northwood BMI Bishops Wood Hospital, HA6 2JW M N C","Northwood ★ BMI Bishops Wood Hospital, HA6 2JW M N C",3,9,HA6 2JW,10,Northwood,50,10,35,BMI Bishops Wood Hospital
Churchill Hospital ,RTH02,Churchill Hospital ,RTH02,1,1,,England - South East,"Oxford Churchill Hospital, OX3 7LJ M N","Oxford Churchill Hospital, OX3 7LJ M N",2,6,OX3 7LJ,7,Oxford,38,10,28,Churchill Hospital
John Radcliffe Hospital ,RTH08,John Radcliffe Hospital ,RTH08,1,1,,England - South East,"Oxford John Radcliffe Hospital, OX3 9DU M N","Oxford John Radcliffe Hospital, OX3 9DU M N",2,6,OX3 9DU,7,Oxford,43,10,33,John Radcliffe Hospital
Nuffield Health The Manor Hospital Oxford ,1-115574757,Nuffield Health The Manor Hospital Oxford ,1-115574757,1,1,,England - South East,"Oxford Nuffield Health The Manor Hospital, OX3 7RP M N","Oxford ★ Nuffield Health The Manor Hospital, OX3 7RP M N",2,6,OX3 7RP,7,Oxford,54,10,44,Nuffield Health The Manor Hospital
Spire Portsmouth Hospital ,1-129798357,Spire Portsmouth Hospital ,1-129798357,1,1,1,England - South East,"Portsmouth Spire Portsmouth Hospital, PO9 5NP M N C","Portsmouth ★ Spire Portsmouth Hospital, PO9 5NP M N C",3,10,PO9 5NP,11,Portsmouth,51,10,35,Spire Portsmouth Hospital
BMI - The Paddocks Hospital,1-128767065,BMI - The Paddocks Hospital,1-128767065,1,1,1,England - South East,"Princes-Risborough BMI Paddocks Clinic, HP27 0JS M N C","Princes Risborough ★ BMI Paddocks Clinic, HP27 0JS M N C",3,18,HP27 0JS,19,Princes-Risborough,54,11,30,BMI Paddocks Clinic
The Berkshire Independent Hospital ,1-128733141,The Berkshire Independent Hospital ,1-128733141,1,1,1,England - South East,"Reading Berkshire Independent Hospital, RG1 6UZ M N C","Reading ★ Berkshire Independent Hospital, RG1 6UZ M N C",3,7,RG1 6UZ,8,Reading,53,10,40,Berkshire Independent Hospital
Circle Reading,1-445725083,Circle Reading,1-445725083,1,1,,England - South East,"Reading Circle Hospital Reading, RG2 0NE M N","Reading ★ Circle Hospital Reading, RG2 0NE M N",2,7,RG2 0NE,8,Reading,44,10,33,Circle Hospital Reading
Royal Berkshire Hospital ,RHW01,Royal Berkshire Hospital ,RHW01,1,1,,England - South East,"Reading Royal Berkshire Hospital, RG1 5AN M N","Reading Royal Berkshire Hospital, RG1 5AN M N",2,7,RG1 5AN,8,Reading,45,10,34,Royal Berkshire Hospital
Spire Dunedin Hospital ,1-2745284068,Spire Dunedin Hospital ,1-2745284068,1,1,1,England - South East,"Reading Spire Dunedin Hospital, RG1 6NS M N C","Reading ★ Spire Dunedin Hospital, RG1 6NS M N C",3,7,RG1 6NS,8,Reading,45,10,32,Spire Dunedin Hospital
Rivers Hospital ,1-128733105,Rivers Hospital ,1-128733105,1,1,1,England - South East,"Sawbridgeworth Rivers Hospital, CM21 0HH M N C","Sawbridgeworth ★ Rivers Hospital, CM21 0HH M N C",3,14,CM21 0HH,15,Sawbridgeworth,46,11,26,Rivers Hospital
Spire Thames Valley Hospital ,1-2745569338,Spire Thames Valley Hospital ,1-2745569338,1,1,,England - South East,"Slough Spire Thames Valley Hospital, SL3 6NH M N","Slough ★ Spire Thames Valley Hospital, SL3 6NH M N",2,6,SL3 6NH,7,Slough,48,10,38,Spire Thames Valley Hospital
Wexham Park Hospital ,RDU50,Wexham Park Hospital ,RDU50,1,1,,England - South East,"Slough Wexham Park Hospital, SL2 4HL M N","Slough Wexham Park Hospital, SL2 4HL M N",2,6,SL2 4HL,7,Slough,40,10,30,Wexham Park Hospital
Southampton NHS Treatment Centre ,1-2254088615,Southampton NHS Treatment Centre ,1-2254088615,1,1,,England - South East,"Southampton Royal South Hants Hospital, SO14 0YG M N","Southampton Royal South Hants Hospital, SO14 0YG M N",2,11,SO14 0YG,12,Southampton,52,11,37,Royal South Hants Hospital
Spire Southampton Hospital ,1-129798412,Spire Southampton Hospital ,1-129798412,1,1,1,England - South East,"Southampton Spire Southampton Hospital, SO16 6UY M N C","Southampton ★ Spire Southampton Hospital, SO16 6UY M N C",3,11,SO16 6UY,12,Southampton,54,11,37,Spire Southampton Hospital
Southampton General Hospital ,RHM01,Southampton General Hospital ,RHM01,1,1,,England - South East,"Southampton Southampton General Hospital, SO16 6YD M N","Southampton Southampton General Hospital, SO16 6YD M N",2,11,SO16 6YD,12,Southampton,54,11,39,Southampton General Hospital
,,,,1,1,,England - South East,"Southampton The Priory Hospital Southampton, SO40 4WU M N","Southampton ★ The Priory Hospital Southampton, SO40 4WU M N",2,11,SO40 4WU,12,Southampton,57,11,42,The Priory Hospital Southampton
The Royal National Orthopaedic Hospital (Stanmore) ,RAN01,The Royal National Orthopaedic Hospital (Stanmore) ,RAN01,1,1,,England - South East,"Stanmore Royal National Orthopaedic Hospital, HA7 4LP M N","Stanmore Royal National Orthopaedic Hospital, HA7 4LP M N",2,8,HA7 4LP,9,Stanmore,57,10,45,Royal National Orthopaedic Hospital
,,,,1,1,,England - South East,"Ticehurst The Priory Hospital Ticehurst, TN5 7HU M N","Ticehurst ★ The Priory Hospital Ticehurst, TN5 7HU M N",2,9,TN5 7HU,10,Ticehurst,52,10,39,The Priory Hospital Ticehurst
The Hillingdon Hospital ,RAS01,The Hillingdon Hospital ,RAS01,1,1,,England - South East,"Uxbridge Hillingdon Hospital Uxbridge, UB8 3NN M N","Uxbridge Hillingdon Hospital Uxbridge, UB8 3NN M N",2,8,UB8 3NN,9,Uxbridge,50,10,38,Hillingdon Hospital Uxbridge
Queen Elizabeth II Hospital ,RWH20,Queen Elizabeth II Hospital ,RWH20,1,1,,England - South East,"Welwyn-Garden-City Queen Elizabeth II Hospital, AL7 4HQ M N","Welwyn Garden City Queen Elizabeth II Hospital, AL7 4HQ M N",2,18,AL7 4HQ,19,Welwyn-Garden-City,59,10,37,Queen Elizabeth II Hospital
BMI Sarum Road Hospital ,1-128767211,BMI Sarum Road Hospital ,1-128767211,1,1,1,England - South East,"Winchester BMI Sarum Road Hospital, SO22 5HA M N C","Winchester ★ BMI Sarum Road Hospital, SO22 5HA M N C",3,10,SO22 5HA,11,Winchester,50,11,34,BMI Sarum Road Hospital
,,,,1,1,,England - South East,"Windsor Cardinal Clinic, SL4 5UL M N","Windsor ★ Cardinal Clinic, SL4 5UL M N",2,7,SL4 5UL,8,Windsor,36,10,25,Cardinal Clinic
BMI The Princess Margaret Hospital ,1-128767105,BMI The Princess Margaret Hospital ,1-128767105,1,1,1,England - South East,"Windsor BMI Princess Margaret Hospital, SL4 3SJ M N C","Windsor ★ BMI Princess Margaret Hospital, SL4 3SJ M N C",3,7,SL4 3SJ,8,Windsor,53,10,40,BMI Princess Margaret Hospital
Heatherwood Hospital ,RDU52,Heatherwood Hospital ,RDU52,1,1,,England – South,"Ascot Heatherwood Hospital, SL5 8AA M N","Ascot Heatherwood Hospital, SL5 8AA M N",2,5,SL5 8AA,6,Ascot,39,10,30,Heatherwood Hospital
The Foscote Private Hospital ,1-115172463,The Foscote Private Hospital ,1-115172463,1,1,1,England – South,"Banbury Foscote Hospital, OX16 9XP M N C","Banbury ★ Foscote Hospital, OX16 9XP M N C",3,7,OX16 9XP,8,Banbury,40,11,27,Foscote Hospital
Horton General Hospital ,RTH05,Horton General Hospital ,RTH05,1,1,,England – South,"Banbury Horton General Hospital , OX16 9AL M N","Banbury Horton General Hospital , OX16 9AL M N",2,7,OX16 9AL,8,Banbury,46,11,35,Horton General Hospital 
Basingstoke and North Hampshire Hospital ,RN506,Basingstoke and North Hampshire Hospital ,RN506,1,1,,England – South,"Basingstoke Basingstoke & North Hampshire Hospital, RG24 9NA M N","Basingstoke Basingstoke & North Hampshire Hospital, RG24 9NA M N",2,11,RG24 9NA,12,Basingstoke,64,11,49,Basingstoke & North Hampshire Hospital
BMI The Hampshire Clinic ,1-128766820,BMI The Hampshire Clinic ,1-128766820,1,1,1,England – South,"Basingstoke BMI Hampshire Clinic, RG24 7AL M N C","Basingstoke ★ BMI Hampshire Clinic, RG24 7AL M N C",3,11,RG24 7AL,12,Basingstoke,48,11,31,BMI Hampshire Clinic
Basingstoke and North Hampshire Hospital ,RN506,Basingstoke and North Hampshire Hospital ,RN506,1,1,,England – South,"Basingstoke Candover Clinic, RG24 9NA M N","Basingstoke Candover Clinic, RG24 9NA M N",2,11,RG24 9NA,12,Basingstoke,41,11,26,Candover Clinic
BMI The Manor Hospital ,1-128767002,BMI The Manor Hospital ,1-128767002,1,1,1,England – South,"Bedford BMI The Manor Hospital, MK40 4AW M N C","Bedford ★ BMI The Manor Hospital, MK40 4AW M N C",3,7,MK40 4AW,8,Bedford,46,11,33,BMI The Manor Hospital
Spire Bushey Hospital ,1-129798115,Spire Bushey Hospital ,1-129798115,1,1,,England – South,"Bushey Spire Bushey Hospital, WD23 1RD M N","Bushey ★ Spire Bushey Hospital, WD23 1RD M N",2,6,WD23 1RD,7,Bushey,42,11,32,Spire Bushey Hospital
Nuffield Health Wessex Hospital ,1-115574818,Nuffield Health Wessex Hospital ,1-115574818,1,1,1,England – South,"Eastleigh Nuffield Health Wessex Hospital, SO53 2DW M N C","Eastleigh ★ Nuffield Health Wessex Hospital, SO53 2DW M N C",3,9,SO53 2DW,10,Eastleigh,57,11,42,Nuffield Health Wessex Hospital
BMI The Kings Oak Hospital ,1-128766906,BMI The Kings Oak Hospital ,1-128766906,1,1,1,England – South,"Enfield BMI Kings Oak Hospital, EN2 8SD M N C","Enfield ★ BMI Kings Oak Hospital, EN2 8SD M N C",3,7,EN2 8SD,8,Enfield,45,10,32,BMI Kings Oak Hospital
BMI The Cavell Hospital ,1-128758601,BMI The Cavell Hospital ,1-128758601,1,1,1,England – South,"Enfield BMI The Cavell Hospital, EN2 7PR M N C","Enfield ★ BMI The Cavell Hospital, EN2 7PR M N C",3,7,EN2 7PR,8,Enfield,46,10,33,BMI The Cavell Hospital
BMI The Chiltern Hospital ,1-128758622,BMI The Chiltern Hospital ,1-128758622,1,1,1,England – South,"Great-Missenden BMI Chiltern Hospital, HP16 0EN M N C","Great Missenden ★ BMI Chiltern Hospital, HP16 0EN M N C",3,15,HP16 0EN,16,Great-Missenden,53,11,32,BMI Chiltern Hospital
BMI Bath Clinic ,1-128758255,BMI Bath Clinic ,1-128758255,1,1,1,England – South West,"Bath BMI Bath Clinic, BA2 7BR M N C","Bath ★ BMI Bath Clinic, BA2 7BR M N C",3,8,BA2 7BR,5,Bath,35,10,21,Bath Clinic
Circle Hospital (Bath) Ltd ,1-119269999,Circle Hospital (Bath) Ltd ,1-119269999,1,1,,England – South West,"Bath Circle Bath, BA2 8SF M N","Bath ★ Circle Bath, BA2 8SF M N",2,11,BA2 8SF,5,Bath,29,10,14,Circle Bath
Royal National Hospital for Rheumatic Diseases ,RD115,Royal National Hospital for Rheumatic Diseases ,RD115,1,1,,England – South West,"Bath Royal National Hospital For Rheumatic Diseases, BA1 1RL M N","Bath Royal National Hospital For Rheumatic Diseases, BA1 1RL M N",2,10,BA1 1RL,5,Bath,64,10,50,National Hospital For Rheumatic Diseases
Royal Bournemouth Hospital ,RBD44,Royal Bournemouth Hospital ,RBD44,1,1,,England – South West,"Bournemouth Bournemouth Private Clinic, BH7 7DW M N","Bournemouth ★ Bournemouth Private Clinic, BH7 7DW M N",2,11,BH7 7DW,12,Bournemouth,51,10,36,Bournemouth Private Clinic
Inhealth Radiology Department ,1-1006377911,Inhealth Radiology Department ,1-1006377911,1,1,,England – South West,"Bournemouth Nuffield Health Bournemouth Hospital, BS8 1BN M N","Bournemouth ★ Nuffield Health Bournemouth Hospital, BS8 1BN M N",2,11,BS8 1BN,12,Bournemouth,61,10,46,Nuffield Health Bournemouth Hospital
Bristol Royal Infirmary ,RA7C1,Bristol Royal Infirmary ,RA7C1,1,1,,England – South West,"Bristol Bristol Royal Infirmary, BS99 1YF M N","Bristol Bristol Royal Infirmary, BS99 1YF M N",2,7,BS99 1YF,8,Bristol,45,11,34,Bristol Royal Infirmary
Inhealth Radiology Department ,1-1006377911,Inhealth Radiology Department ,1-1006377911,1,1,1,England – South West,"Bristol Nuffield Health Bristol Hospital, BS8 1BN M N C","Bristol ★ Nuffield Health Bristol Hospital, BS8 1BN M N C",3,7,BS8 1BN,8,Bristol,55,10,42,Nuffield Health Bristol Hospital
Southmead Hospital ,RVJ01,Southmead Hospital ,RVJ01,1,1,,England – South West,"Bristol Southmead Hospital, BS10 5NB M N","Bristol Southmead Hospital, BS10 5NB M N",2,7,BS10 5NB,8,Bristol,40,11,29,Southmead Hospital
Spire Bristol Hospital ,1-129783097,Spire Bristol Hospital ,1-129783097,1,1,1,England – South West,"Bristol Spire Bristol Hospital, BS6 6UT M N C","Bristol ★ Spire Bristol Hospital, BS6 6UT M N C",3,7,BS6 6UT,8,Bristol,45,10,32,Spire Bristol Hospital
,,,,1,1,,England – South West,"Bristol The Priory Hospital Bristol, BS16 1EQ M N","Bristol ★ The Priory Hospital Bristol, BS16 1EQ M N",2,7,BS16 1EQ,8,Bristol,49,11,38,The Priory Hospital Bristol
Nuffield Health Cheltenham Hospital ,1-115574419,Nuffield Health Cheltenham Hospital ,1-115574419,1,1,,England – South West,"Cheltenham Nuffield Health Cheltenham Hospital, GL51 6SY M N","Cheltenham ★ Nuffield Health Cheltenham Hospital, GL51 6SY M N",2,10,GL51 6SY,11,Cheltenham,60,11,46,Nuffield Health Cheltenham Hospital
BMI The Winterbourne Hospital ,1-128767396,BMI The Winterbourne Hospital ,1-128767396,1,1,1,England – South West,"Dorchester BMI Winterbourne Hospital, DT1 2DR M N C","Dorchester ★ BMI Winterbourne Hospital, DT1 2DR M N C",3,10,DT1 2DR,11,Dorchester,51,10,35,BMI Winterbourne Hospital
Nuffield Health Exeter Hospital ,1-115574477,Nuffield Health Exeter Hospital ,1-115574477,1,1,1,England – South West,"Exeter Nuffield Health Exeter Hospital, EX2 4UG M N C","Exeter ★ Nuffield Health Exeter Hospital, EX2 4UG M N C",3,6,EX2 4UG,7,Exeter,53,10,41,Nuffield Health Exeter Hospital
Winfield Hospital ,1-128733195,Winfield Hospital ,1-128733195,1,1,1,England – South West,"Gloucester Winfield Hospital, GL2 9EE M N C","Gloucester ★ Winfield Hospital, GL2 9EE M N C",3,10,GL2 9EE,11,Gloucester,43,10,27,Winfield Hospital
Nuffield Health Plymouth Hospital ,1-115574658,Nuffield Health Plymouth Hospital ,1-115574658,1,1,1,England – South West,"Plymouth Nuffield Health Plymouth Hospital, PL6 8BG M N C","Plymouth ★ Nuffield Health Plymouth Hospital, PL6 8BG M N C",3,8,PL6 8BG,9,Plymouth,57,10,43,Nuffield Health Plymouth Hospital
BMI The Harbour Hospital ,1-128766841,BMI The Harbour Hospital ,1-128766841,1,1,1,England – South West,"Poole BMI Harbour Hospital, BH15 2BH M N C","Poole ★ BMI Harbour Hospital, BH15 2BH M N C",3,5,BH15 2BH,6,Poole,42,11,31,BMI Harbour Hospital
Poole Hospital ,RD300,Poole Hospital ,RD300,1,1,,England – South West,"Poole Poole Hospital, BH15 2JB M N","Poole Poole Hospital, BH15 2JB M N",2,5,BH15 2JB,6,Poole,34,11,25,Poole Hospital
New Hall Hospital ,1-128732997,New Hall Hospital ,1-128732997,1,1,1,England – South West,"Salisbury New Hall Hospital, SP5 4EY M N C","Salisbury ★ New Hall Hospital, SP5 4EY M N C",3,9,SP5 4EY,10,Salisbury,42,10,27,New Hall Hospital
BMI The Ridgeway Hospital ,1-128767148,BMI The Ridgeway Hospital ,1-128767148,1,1,1,England – South West,"Swindon BMI Ridgeway Hospital, SN4 9DD M N C","Swindon ★ BMI Ridgeway Hospital, SN4 9DD M N C",3,7,SN4 9DD,8,Swindon,44,10,31,BMI Ridgeway Hospital
Nuffield Health Taunton Hospital ,1-115574698,Nuffield Health Taunton Hospital ,1-115574698,1,1,1,England – South West,"Taunton Nuffield Health Taunton Hospital, TA2 6AN M N C","Taunton ★ Nuffield Health Taunton Hospital, TA2 6AN M N C",3,7,TA2 6AN,8,Taunton,55,10,42,Nuffield Health Taunton Hospital
Mount Stuart Hospital ,1-128732982,Mount Stuart Hospital ,1-128732982,1,1,1,England – South West,"Torquay Mount Stuart Hospital, TQ1 4UP M N C","Torquay ★ Mount Stuart Hospital, TQ1 4UP M N C",3,7,TQ1 4UP,8,Torquay,44,10,31,Mount Stuart Hospital
Duchy Hospital ,1-128732707,Duchy Hospital ,1-128732707,1,1,1,England – South West,"Truro Duchy Hospital, TR1 3UP M N C","Truro ★ Duchy Hospital, TR1 3UP M N C",3,5,TR1 3UP,6,Truro,35,10,24,Duchy Hospital
Somerset Surgical Services ,1-447803434,Somerset Surgical Services ,1-447803434,1,1,,England – South West,"Weston-Super-Mare Weston General Hospital, BS23 4TQ M N","Weston-Super-Mare Weston General Hospital, BS23 4TQ M N",2,17,BS23 4TQ,18,Weston-Super-Mare,55,11,34,Weston General Hospital
BMI The Priory Hospital ,1-128767127,BMI The Priory Hospital ,1-128767127,1,1,1,England - West Midlands,"Birmingham BMI The Priory Hospital, B5 7UG M N C","Birmingham ★ BMI The Priory Hospital, B5 7UG M N C",3,10,B5 7UG,11,Birmingham,48,9,32,BMI The Priory Hospital
BMI The Edgbaston Hospital ,1-128758464,BMI The Edgbaston Hospital ,1-128758464,1,1,1,England - West Midlands,"Birmingham BMI The Edgbaston Hospital, B15 2QQ M N C","Birmingham ★ BMI The Edgbaston Hospital, B15 2QQ M N C",3,10,B15 2QQ,11,Birmingham,52,10,36,BMI The Edgbaston Hospital
Queen Elizabeth Hospital Birmingham ,RRK15,Queen Elizabeth Hospital Birmingham ,RRK15,1,1,,England - West Midlands,"Birmingham Queen Elizabeth Hospital, B15 2WB M N","Birmingham Queen Elizabeth Hospital, B15 2WB M N",2,10,B15 2WB,11,Birmingham,48,10,34,Queen Elizabeth Hospital
,,,,1,1,,England - West Midlands,"Birmingham The Woodbourne Priory, B17 8BY M N","Birmingham ★ The Woodbourne Priory, B17 8BY M N",2,10,B17 8BY,11,Birmingham,45,10,31,The Woodbourne Priory
University Hospital ,RKB01,University Hospital ,RKB01,1,1,1,England - West Midlands,"Coventry BMI The Meriden Hospital, CV2 2DX M N C","Coventry ★ BMI The Meriden Hospital, CV2 2DX M N C",3,8,CV2 2DX,9,Coventry,48,10,34,BMI The Meriden Hospital
BMI The Droitwich Spa Hospital ,1-128758696,BMI The Droitwich Spa Hospital ,1-128758696,1,1,1,England - West Midlands,"Droitwich BMI Droitwich Spa Hospital, WR9 8DN M N C","Droitwich ★ BMI Droitwich Spa Hospital, WR9 8DN M N C",3,9,WR9 8DN,10,Droitwich,51,10,36,BMI Droitwich Spa Hospital
West Midlands Hospital ,1-128733177,West Midlands Hospital ,1-128733177,1,1,1,England - West Midlands,"Halesowen West Midlands Hospital, B63 2AH M N C","Halesowen ★ West Midlands Hospital, B63 2AH M N C",3,9,B63 2AH,10,Halesowen,47,10,32,West Midlands Hospital
Nuffield Health Hereford Hospital ,1-115574537,Nuffield Health Hereford Hospital ,1-115574537,1,1,1,England - West Midlands,"Hereford Nuffield Health Hereford Hospital, HR1 1DF M N C","Hereford ★ Nuffield Health Hereford Hospital, HR1 1DF M N C",3,8,HR1 1DF,9,Hereford,57,10,43,Nuffield Health Hereford Hospital
Nuffield Health Warwickshire Hospital ,1-115574798,Nuffield Health Warwickshire Hospital ,1-115574798,1,1,,England - West Midlands,"Leamington-Spa Nuffield Health Warwickshire Hospital, CV32 6RW M N","Leamington Spa ★ Nuffield Health Warwickshire Hospital, CV32 6RW M N",2,14,CV32 6RW,15,Leamington-Spa,66,11,48,Nuffield Health Warwickshire Hospital
Nuffield Health North Staffordshire Hospital ,1-115574639,Nuffield Health North Staffordshire Hospital ,1-115574639,1,1,1,England - West Midlands,"Newcastle-under-Lyme Nuffield Health North Staffordshire Hospital, ST5 4DB M N C","Newcastle-under-Lyme ★ Nuffield Health North Staffordshire Hospital, ST5 4DB M N C",3,20,ST5 4DB,21,Newcastle-under-Lyme,80,10,54,Nuffield Health North Staffordshire Hospital
Nuffield Health Shrewsbury Hospital ,1-115574678,Nuffield Health Shrewsbury Hospital ,1-115574678,1,1,1,England - West Midlands,"Shrewsbury Nuffield Health Shrewsbury Hospital, SY3 9DP M N C","Shrewsbury ★ Nuffield Health Shrewsbury Hospital, SY3 9DP M N C",3,10,SY3 9DP,11,Shrewsbury,61,10,45,Nuffield Health Shrewsbury Hospital
Spire Parkway Hospital ,1-129798341,Spire Parkway Hospital ,1-129798341,1,1,,England - West Midlands,"Solihull Spire Parkway Hospital, B91 2PP M N","Solihull ★ Spire Parkway Hospital, B91 2PP M N",2,8,B91 2PP,9,Solihull,44,10,32,Spire Parkway Hospital
Rowley Hall Hospital ,1-128732964,Rowley Hall Hospital ,1-128732964,1,1,1,England - West Midlands,"Stafford Rowley Hospital, ST17 9AQ M N C","Stafford ★ Rowley Hospital, ST17 9AQ M N C",3,8,ST17 9AQ,9,Stafford,40,11,26,Rowley Hospital
Spire Little Aston Hospital ,1-129798265,Spire Little Aston Hospital ,1-129798265,1,1,,England - West Midlands,"Sutton Coldfield Spire Little Aston Hospital, B74 3UP M N","Sutton Coldfield ★ Spire Little Aston Hospital, B74 3UP M N",2,6,B74 3UP,7,Sutton,57,10,47,Coldfield Spire Little Aston Hospital
The Princess Royal Hospital ,RXWAT,The Princess Royal Hospital ,RXWAT,1,1,,England - West Midlands,"Telford Princess Royal Hospital Telford, TF1 6TF M N","Telford Princess Royal Hospital Telford, TF1 6TF M N",2,7,TF1 6TF,8,Telford,52,10,41,Princess Royal Hospital Telford
Nuffield Health Wolverhampton Hospital ,1-115574857,Nuffield Health Wolverhampton Hospital ,1-115574857,1,1,,England - West Midlands,"Wolverhampton Nuffield Health Wolverhampton Hospital, WV6 8LE M N","Wolverhampton ★ Nuffield Health Wolverhampton Hospital, WV6 8LE M N",2,13,WV6 8LE,14,Wolverhampton,65,10,48,Nuffield Health Wolverhampton Hospital
Spire South Bank Hospital ,1-129798393,Spire South Bank Hospital ,1-129798393,1,1,1,England - West Midlands,"Worcester Spire South Bank Hospital, WR5 3YB M N C","Worcester ★ Spire South Bank Hospital, WR5 3YB M N C",3,9,WR5 3YB,10,Worcester,50,10,35,Spire South Bank Hospital
Nuffield Health Derby Hospital ,1-115574458,Nuffield Health Derby Hospital ,1-115574458,1,1,1,England - East Midlands,"Derby Nuffield Health Derby Hospital, DE23 4SN M N C","Derby ★ Nuffield Health Derby Hospital, DE23 4SN M N C",3,5,DE23 4SN,6,Derby,52,11,41,Nuffield Health Derby Hospital
Woodland Hospital ,1-128733213,Woodland Hospital ,1-128733213,1,1,1,England - East Midlands,"Kettering Woodland Hospital, NN16 8XF M N C","Kettering ★ Woodland Hospital, NN16 8XF M N C",3,9,NN16 8XF,10,Kettering,43,11,28,Woodland Hospital
Glenfield Hospital ,RWEAE,Glenfield Hospital ,RWEAE,1,1,,England - East Midlands,"Leicester Glenfield General Hospital, LE3 9PQ M N","Leicester Glenfield General Hospital, LE3 9PQ M N",2,9,LE3 9PQ,10,Leicester,49,10,36,Glenfield General Hospital
Nuffield Health Leicester Hospital ,1-115574597,Nuffield Health Leicester Hospital ,1-115574597,1,1,1,England - East Midlands,"Leicester Nuffield Health Leicester Hospital, LE5 1HY M N C","Leicester ★ Nuffield Health Leicester Hospital, LE5 1HY M N C",3,9,LE5 1HY,10,Leicester,59,10,44,Nuffield Health Leicester Hospital
Spire Leicester Hospital ,1-129798247,Spire Leicester Hospital ,1-129798247,1,1,1,England - East Midlands,"Leicester Spire Leicester Hospital, LE2 2FF M N C","Leicester ★ Spire Leicester Hospital, LE2 2FF M N C",3,9,LE2 2FF,10,Leicester,49,10,34,Spire Leicester Hospital
BMI The Lincoln Hospital ,1-128766946,BMI The Lincoln Hospital ,1-128766946,1,1,1,England - East Midlands,"Lincoln BMI The Lincoln Hospital, LN2 1QU M N C","Lincoln ★ BMI The Lincoln Hospital, LN2 1QU M N C",3,7,LN2 1QU,8,Lincoln,47,10,34,BMI The Lincoln Hospital
BMI Three Shires Hospital ,1-2079393249,BMI Three Shires Hospital ,1-2079393249,1,1,1,England - East Midlands,"Northampton BMI Three Shires Hospital, NN1 5DR M N C","Northampton ★ BMI Three Shires Hospital, NN1 5DR M N C",3,11,NN1 5DR,12,Northampton,52,10,35,BMI Three Shires Hospital
BMI The Park Hospital ,1-128767084,BMI The Park Hospital ,1-128767084,1,1,1,England - East Midlands,"Nottingham BMI The Park Hospital, NG5 8RX M N C","Nottingham ★ BMI The Park Hospital, NG5 8RX M N C",3,10,NG5 8RX,11,Nottingham,47,10,31,BMI The Park Hospital
The Nottingham Inhealth Specialist Imaging Centre (Nisic) ,1-153773510,The Nottingham Inhealth Specialist Imaging Centre (Nisic) ,1-153773510,1,1,,England - East Midlands,"Nottingham Nottingham City Hospital, NG5 1PB M N","Nottingham Nottingham City Hospital, NG5 1PB M N",2,10,NG5 1PB,11,Nottingham,48,10,34,Nottingham City Hospital
Woodthorpe Hospital ,1-1512006286,Woodthorpe Hospital ,1-1512006286,1,1,1,England - East Midlands,"Nottingham Nottingham Woodthorpe Hospital, NG5 3FZ M N C","Nottingham ★ Nottingham Woodthorpe Hospital, NG5 3FZ M N C",3,10,NG5 3FZ,11,Nottingham,56,10,40,Nottingham Woodthorpe Hospital
Nottingham University Hospital ,RHARA,Nottingham University Hospital ,RHARA,1,1,,England - East Midlands,"Nottingham Queens Medical Centre Nottingham University Hospital, NG7 2UH M N","Nottingham Queens Medical Centre Nottingham University Hospital, NG7 2UH M N",2,10,NG7 2UH,11,Nottingham,76,10,62,Queens Medical Centre Nottingham University Hospital
,,,,1,1,,England - East Midlands,"Nottingham The Priory Clinic Nottingham, NG3 5GS M N","Nottingham ★ The Priory Clinic Nottingham, NG3 5GS M N",2,10,NG3 5GS,11,Nottingham,52,10,38,The Priory Clinic Nottingham
Basildon University Hospital ,RDDH0,Basildon University Hospital ,RDDH0,1,1,,England - East Anglia,"Basildon Basildon University Hospital, SS16 5NL M N","Basildon Basildon University Hospital, SS16 5NL M N",2,8,SS16 5NL,9,Basildon,51,11,39,Basildon University Hospital
Basildon University Hospital ,RDDH0,Basildon University Hospital ,RDDH0,1,1,,England - East Anglia,"Basildon Orwell Private Cardio-Thoracic, SS16 5NL M N","Basildon ★ Orwell Private Cardio-Thoracic, SS16 5NL M N",2,8,SS16 5NL,9,Basildon,53,11,41,Orwell Private Cardio-Thoracic
Nuffield Health Brentwood Hospital ,1-115574336,Nuffield Health Brentwood Hospital ,1-115574336,1,1,1,England - East Anglia,"Brentwood Nuffield Health Brentwood Hospital, CM15 8EH M N C","Brentwood ★ Nuffield Health Brentwood Hospital, CM15 8EH M N C",3,9,CM15 8EH,10,Brentwood,60,11,45,Nuffield Health Brentwood Hospital
Spire Hartswood Hospital ,1-129798209,Spire Hartswood Hospital ,1-129798209,1,1,1,England - East Anglia,"Brentwood Spire Hartswood Hospital, CM13 3LE M N C","Brentwood ★ Spire Hartswood Hospital, CM13 3LE M N C",3,9,CM13 3LE,10,Brentwood,50,11,35,Spire Hartswood Hospital
The Holly Private Hospital ,1-1890528285,The Holly Private Hospital ,1-1890528285,1,1,,England - East Anglia,"Buckhurst Hill Holly House Hospital, IG9 5HX M N","Buckhurst Hill ★ Holly House Hospital, IG9 5HX M N",2,9,IG9 5HX,10,Buckhurst,48,10,35,Hill Holly House Hospital
BMI St Edmunds Hospital ,1-128767355,BMI St Edmunds Hospital ,1-128767355,1,1,1,England - East Anglia,"Bury St Edmunds BMI St Edmunds Hospital, IP33 2AA M N C","Bury St Edmunds ★ BMI St Edmunds Hospital, IP33 2AA M N C",3,7,IP33 2AA,5,Bury,55,11,42,Edmunds BMI St Edmunds Hospital
Cambridge Heart Clinic ,1-120823913,Cambridge Heart Clinic ,1-120823913,1,1,,England - East Anglia,"Cambridge Addenbrooke’s Hospital, CB2 0QQ M N","Cambridge Addenbrooke’s Hospital, CB2 0QQ M N",2,9,CB2 0QQ,10,Cambridge,45,10,32,Addenbrooke’s Hospital
Nuffield Health Cambridge Hospital ,1-115574398,Nuffield Health Cambridge Hospital ,1-115574398,1,1,1,England - East Anglia,"Cambridge Nuffield Health Cambridge Hospital, CB2 8AF M N C","Cambridge ★ Nuffield Health Cambridge Hospital, CB2 8AF M N C",3,9,CB2 8AF,10,Cambridge,59,10,44,Nuffield Health Cambridge Hospital
Spire Cambridge Lea Hospital ,1-129798134,Spire Cambridge Lea Hospital ,1-129798134,1,1,1,England - East Anglia,"Cambridge Spire Cambridge Lea Hospital, CB24 9EL M N C","Cambridge ★ Spire Cambridge Lea Hospital, CB24 9EL M N C",3,9,CB24 9EL,10,Cambridge,54,11,39,Spire Cambridge Lea Hospital
Broomfield Hospital ,RQ8L0,Broomfield Hospital ,RQ8L0,1,1,,England - East Anglia,"Chelmsford Broomfield Hospital, CM1 7ET M N","Chelmsford Broomfield Hospital, CM1 7ET M N",2,10,CM1 7ET,11,Chelmsford,43,10,29,Broomfield Hospital
Springfield Hospital ,1-128733123,Springfield Hospital ,1-128733123,1,1,1,England - East Anglia,"Chelmsford Springfield Hospital, CM1 7GU M N C","Chelmsford ★ Springfield Hospital, CM1 7GU M N C",3,10,CM1 7GU,11,Chelmsford,46,10,30,Springfield Hospital
,,,,1,1,,England - East Anglia,"Chelmsford The Priory Hospital Chelmsford, CM1 7SJ M N","Chelmsford ★ The Priory Hospital Chelmsford, CM1 7SJ M N",2,10,CM1 7SJ,11,Chelmsford,54,10,40,The Priory Hospital Chelmsford
Oaks Hospital ,1-128733050,Oaks Hospital ,1-128733050,1,1,1,England - East Anglia,"Colchester Oaks Hospital, CO4 5XR M N C","Colchester ★ Oaks Hospital, CO4 5XR M N C",3,10,CO4 5XR,11,Colchester,39,10,23,Oaks Hospital
Spire London East Hospital ,1-129798374,Spire London East Hospital ,1-129798374,1,1,1,England - East Anglia,"Ilford Spire Roding Hospital, IG4 5PZ M N C","Ilford ★ Spire Roding Hospital, IG4 5PZ M N C",3,6,IG4 5PZ,7,Ilford,43,10,31,Spire Roding Hospital
Nuffield Health Ipswich Hospital ,1-115574557,Nuffield Health Ipswich Hospital ,1-115574557,1,1,1,England - East Anglia,"Ipswich Nuffield Health Ipswich Hospital, IP4 5SW M N C","Ipswich ★ Nuffield Health Ipswich Hospital, IP4 5SW M N C",3,7,IP4 5SW,8,Ipswich,55,10,42,Nuffield Health Ipswich Hospital
BMI The Sandringham Hospital ,1-128767190,BMI The Sandringham Hospital ,1-128767190,1,1,1,England - East Anglia,"King-Lynn BMI Sandringham Hospital, PE30 4HJ M N C","Kings Lynn ★ BMI Sandringham Hospital, PE30 4HJ M N C",3,9,PE30 4HJ,10,King-Lynn,50,11,35,BMI Sandringham Hospital
Spire Norwich Hospital ,1-129798322,Spire Norwich Hospital ,1-129798322,1,1,1,England - East Anglia,"Norwich Spire Norwich Hospital, NR4 7TD M N C","Norwich ★ Spire Norwich Hospital, NR4 7TD M N C",3,7,NR4 7TD,8,Norwich,45,10,32,Spire Norwich Hospital
Royal Papworth Hospital (Heart & Lung Specialist),RGMX1,Royal Papworth Hospital (Heart & Lung Specialist),RGMX1,1,1,,England - East Anglia,"Papworth Papworth Hospital, CB23 3RE M N","Papworth Papworth Hospital, CB23 3RE M N",2,8,CB23 3RE,9,Papworth,40,11,28,Papworth Hospital
Fitzwilliam Hospital ,1-128732743,Fitzwilliam Hospital ,1-128732743,1,1,1,England - East Anglia,"Peterborough Fitzwilliam Hospital, PE3 9AQ M N C","Peterborough ★ Fitzwilliam Hospital, PE3 9AQ M N C",3,12,PE3 9AQ,13,Peterborough,48,10,30,Fitzwilliam Hospital
Queen's Hospital ,RF4QH,Queen's Hospital ,RF4QH,1,1,,England - East Anglia,"Romford Harley Street At Queens Romford, RM7 0AG M N","Romford ★ Harley Street At Queens Romford, RM7 0AG M N",2,7,RM7 0AG,8,Romford,52,10,41,Harley Street At Queens Romford
BMI Southend Private Hospital ,1-5462921034,BMI Southend Private Hospital ,1-5462921034,1,1,1,England - East Anglia,"Southend BMI Southend Private Hospital, SS0 9AG M N C","Southend ★ BMI Southend Private Hospital, SS0 9AG M N C",3,8,SS0 9AG,9,Southend,53,10,39,BMI Southend Private Hospital
Spire Wellesley Hospital ,1-129798487,Spire Wellesley Hospital ,1-129798487,1,1,1,England - East Anglia,"Southend Spire Wellesley Hospital, SS2 4XH M N C","Southend ★ Spire Wellesley Hospital, SS2 4XH M N C",3,8,SS2 4XH,9,Southend,48,10,34,Spire Wellesley Hospital
The Yorkshire Clinic ,1-128733159,The Yorkshire Clinic ,1-128733159,1,1,1,England - Yorkshire and Humberside,"Bingley Yorkshire Clinic, BD16 1TW M N C","Bingley ★ Yorkshire Clinic, BD16 1TW M N C",3,7,BD16 1TW,8,Bingley,40,11,27,Yorkshire Clinic
Bradford Royal Infirmary ,RAE01,Bradford Royal Infirmary ,RAE01,1,1,,England - Yorkshire and Humberside,"Bradford Bradford Royal Infirmary, BD9 6RJ M N","Bradford Bradford Royal Infirmary, BD9 6RJ M N",2,8,BD9 6RJ,9,Bradford,46,10,34,Bradford Royal Infirmary
Park Hill Hospital ,1-138502307,Park Hill Hospital ,1-138502307,1,1,1,England - Yorkshire and Humberside,"Doncaster Park Hill Hospital, DN2 5TH M N C","Doncaster ★ Park Hill Hospital, DN2 5TH M N C",3,9,DN2 5TH,10,Doncaster,43,10,28,Park Hill Hospital
Doncaster Royal Infirmary ,RP5DR,Doncaster Royal Infirmary ,RP5DR,1,1,,England - Yorkshire and Humberside,"Doncaster Doncaster Royal Infirmary, DN2 5LT M N","Doncaster Doncaster Royal Infirmary, DN2 5LT M N",2,9,DN2 5LT,10,Doncaster,48,10,35,Doncaster Royal Infirmary
St Hugh's Hospital ,1-112968810,St Hugh's Hospital ,1-112968810,1,1,1,England - Yorkshire and Humberside,"Grimsby St Hugh’s Hospital, DN32 9RP M N C","Grimsby ★ St Hugh’s Hospital, DN32 9RP M N C",3,7,DN32 9RP,8,Grimsby,42,11,29,St Hugh’s Hospital
Calderdale Royal Hospital ,RWY02,Calderdale Royal Hospital ,RWY02,1,1,,England - Yorkshire and Humberside,"Halifax Calderdale Royal Hospital, HX3 0PW M N","Halifax Calderdale Royal Hospital, HX3 0PW M N",2,7,HX3 0PW,8,Halifax,46,10,35,Calderdale Royal Hospital
Spire Elland Hospital Including Longlands Consulting Rooms ,1-2745680580,Spire Elland Hospital Including Longlands Consulting Rooms ,1-2745680580,1,1,,England - Yorkshire and Humberside,"Halifax Spire Elland Hospital, HX5 9EB M N","Halifax ★ Spire Elland Hospital, HX5 9EB M N",2,7,HX5 9EB,8,Halifax,42,10,31,Spire Elland Hospital
BMI The Duchy Hospital ,1-128766718,BMI The Duchy Hospital ,1-128766718,1,1,1,England - Yorkshire and Humberside,"Harrogate BMI The Duchy Hospital, HG2 0HF M N C","Harrogate ★ BMI The Duchy Hospital, HG2 0HF M N C",3,9,HG2 0HF,10,Harrogate,47,10,32,BMI The Duchy Hospital
BMI The Huddersfield Hospital ,1-128766884,BMI The Huddersfield Hospital ,1-128766884,1,1,1,England - Yorkshire and Humberside,"Huddersfield BMI The Huddersfield Hospital, HD2 2BL M N C","Huddersfield ★ BMI The Huddersfield Hospital, HD2 2BL M N C",3,12,HD2 2BL,13,Huddersfield,57,10,39,BMI The Huddersfield Hospital
Spire Hull & East Riding Hospital ,1-2745570008,Spire Hull & East Riding Hospital ,1-2745570008,1,1,1,England - Yorkshire and Humberside,"Hull Spire Hull & East Riding Hospital, HU10 7AZ M N C","Hull ★ Spire Hull & East Riding Hospital, HU10 7AZ M N C",3,10,HU10 7AZ,5,Hull,54,11,38,Hull & East Riding Hospital
Leeds General Infirmary ,RR801,Leeds General Infirmary ,RR801,1,1,,England - Yorkshire and Humberside,"Leeds Leeds General Infirmary, LS1 3EX M N","Leeds Leeds General Infirmary, LS1 3EX M N",2,5,LS1 3EX,6,Leeds,42,10,33,Leeds General Infirmary
Nuffield Health Leeds Hospital ,1-115574578,Nuffield Health Leeds Hospital ,1-115574578,1,1,1,England - Yorkshire and Humberside,"Leeds Nuffield Health Leeds Hospital, LS1 3EB M N C","Leeds ★ Nuffield Health Leeds Hospital, LS1 3EB M N C",3,5,LS1 3EB,6,Leeds,51,10,40,Nuffield Health Leeds Hospital
Spire Leeds Hospital ,1-129798228,Spire Leeds Hospital ,1-129798228,1,1,1,England - Yorkshire and Humberside,"Leeds Spire Leeds Hospital, LS8 1NT M N C","Leeds ★ Spire Leeds Hospital, LS8 1NT M N C",3,5,LS8 1NT,6,Leeds,41,10,30,Spire Leeds Hospital
Spire Methley Park Hospital ,1-2745185984,Spire Methley Park Hospital ,1-2745185984,1,1,1,England - Yorkshire and Humberside,"Leeds Spire Methley Park Hospital, LS26 9HG M N C","Leeds ★ Spire Methley Park Hospital, LS26 9HG M N C",3,5,LS26 9HG,6,Leeds,49,11,38,Spire Methley Park Hospital
Nova Healthcare ,1-764278383,Nova Healthcare ,1-764278383,1,1,,England - Yorkshire and Humberside,"Leeds St James’s University Hospital, LS9 7TF M N","Leeds St James’s University Hospital, LS9 7TF M N",2,5,LS9 7TF,6,Leeds,49,10,40,St James’s University Hospital
Friarage Hospital ,RTR45,Friarage Hospital ,RTR45,1,1,,England - Yorkshire and Humberside,"Northallerton Friarage Hospital, DL6 1JG M N","Northallerton Friarage Hospital, DL6 1JG M N",2,13,DL6 1JG,14,Northallerton,44,10,27,Friarage Hospital
Wharfedale Hospital ,RR807,Wharfedale Hospital ,RR807,1,1,,England - Yorkshire and Humberside,"Otley Wharfedale General Hospital, LS21 2LY M N","Otley Wharfedale General Hospital, LS21 2LY M N",2,5,LS21 2LY,6,Otley,47,11,38,Wharfedale General Hospital
BMI Thornbury Hospital ,1-128767375,BMI Thornbury Hospital ,1-128767375,1,1,1,England - Yorkshire and Humberside,"Sheffield BMI Thornbury Hospital, S10 3BR M N C","Sheffield ★ BMI Thornbury Hospital, S10 3BR M N C",3,9,S10 3BR,10,Sheffield,47,10,32,BMI Thornbury Hospital
Claremont Hospital ,1-1890547322,Claremont Hospital ,1-1890547322,1,1,,England - Yorkshire and Humberside,"Sheffield Claremont Hospital Sheffield, S10 5UB M N","Sheffield ★ Claremont Hospital Sheffield, S10 5UB M N",2,9,S10 5UB,10,Sheffield,51,10,38,Claremont Hospital Sheffield
Northern General Hospital ,RHQNG,Northern General Hospital ,RHQNG,1,1,,England - Yorkshire and Humberside,"Sheffield Northern General Hospital, S5 7AU M N","Sheffield Northern General Hospital, S5 7AU M N",2,9,S5 7AU,10,Sheffield,47,9,34,Northern General Hospital
Royal Hallamshire Hospital ,RHQHH,Royal Hallamshire Hospital ,RHQHH,1,1,,England - Yorkshire and Humberside,"Sheffield Royal Hallamshire Hospital, S10 2JF M N","Sheffield Royal Hallamshire Hospital, S10 2JF M N",2,9,S10 2JF,10,Sheffield,49,10,36,Royal Hallamshire Hospital
Weston Park Hospital ,RHQWP,Weston Park Hospital ,RHQWP,1,1,,England - Yorkshire and Humberside,"Sheffield Weston Park Hospital, S10 2SJ M N","Sheffield Weston Park Hospital, S10 2SJ M N",2,9,S10 2SJ,10,Sheffield,43,10,30,Weston Park Hospital
Nuffield Health York Hospital ,1-115574877,Nuffield Health York Hospital ,1-115574877,1,1,1,England - Yorkshire and Humberside,"York Nuffield Health York Hospital, YO31 8TA M N C","York ★ Nuffield Health York Hospital, YO31 8TA M N C",3,13,YO31 8TA,5,York,50,11,31,Health York Hospital
,,,,1,1,,England - North West,"Altrincham The Priory Hospital Altrincham, WA15 0NX M N","Altrincham ★ The Priory Hospital Altrincham, WA15 0NX M N",2,10,WA15 0NX,11,Altrincham,55,11,41,The Priory Hospital Altrincham
BMI The Beardwood Hospital ,1-128758505,BMI The Beardwood Hospital ,1-128758505,1,1,1,England - North West,"Blackburn BMI Beardwood Hospital, BB2 7AE M N C","Blackburn ★ BMI Beardwood Hospital, BB2 7AE M N C",3,9,BB2 7AE,10,Blackburn,47,10,32,BMI Beardwood Hospital
Spire Fylde Coast Hospital ,1-2745681065,Spire Fylde Coast Hospital ,1-2745681065,1,1,1,England - North West,"Blackpool Spire Fylde Coast Hospital, FY3 8BP M N C","Blackpool ★ Spire Fylde Coast Hospital, FY3 8BP M N C",3,9,FY3 8BP,10,Blackpool,51,10,36,Spire Fylde Coast Hospital
BMI The Beaumont Hospital ,1-128758526,BMI The Beaumont Hospital ,1-128758526,1,1,1,England - North West,"Bolton BMI Beaumont Hospital, BL6 4LA M N C","Bolton ★ BMI Beaumont Hospital, BL6 4LA M N C",3,6,BL6 4LA,7,Bolton,43,10,31,BMI Beaumont Hospital
Fairfield General Hospital ,RW601,Fairfield General Hospital ,RW601,1,1,,England - North West,"Bury Fairfield General Hospital, BL9 7TD M N","Bury Fairfield General Hospital, BL9 7TD M N",2,14,BL9 7TD,5,Bury,44,10,26,General Hospital
,,,,1,1,,England - North West,"Carlisle Doctors Hospital, CA2 5NW M N","Carlisle ★ Doctors Hospital, CA2 5NW M N",2,8,CA2 5NW,9,Carlisle,38,10,26,Doctors Hospital
BMI The Alexandra Hospital ,1-128758569,BMI The Alexandra Hospital ,1-128758569,1,1,1,England - North West,"Cheadle BMI Alexandra Hospital, SK8 2PX M N C","Cheadle ★ BMI Alexandra Hospital, SK8 2PX M N C",3,7,SK8 2PX,8,Cheadle,45,10,32,BMI Alexandra Hospital
The Countess of Chester Hospital ,RJR05,The Countess of Chester Hospital ,RJR05,1,1,,England - North West,"Chester Countess of Chester Hospital, CH2 1UL M N","Chester Countess of Chester Hospital, CH2 1UL M N",2,7,CH2 1UL,8,Chester,49,10,38,Countess of Chester Hospital
Nuffield Health The Grosvenor Hospital Chester ,1-115574737,Nuffield Health The Grosvenor Hospital Chester ,1-115574737,1,1,1,England - North West,"Chester Nuffield Health The Grosvenor Hospital, CH4 7QP M N C","Chester ★ Nuffield Health The Grosvenor Hospital, CH4 7QP M N C",3,7,CH4 7QP,8,Chester,61,10,48,Nuffield Health The Grosvenor Hospital
Euxton Hall Hospital ,1-128732725,Euxton Hall Hospital ,1-128732725,1,1,1,England - North West,"Chorley Euxton Hall Hospital, PR7 6DY M N C","Chorley ★ Euxton Hall Hospital, PR7 6DY M N C",3,7,PR7 6DY,8,Chorley,43,10,30,Euxton Hall Hospital
BMI Gisburne Park Hospital ,1-128758296,BMI Gisburne Park Hospital ,1-128758296,1,1,1,England - North West,"Clitheroe BMI Gisburne Clinic, BB7 4HX M N C","Clitheroe ★ BMI Gisburne Clinic, BB7 4HX M N C",3,9,BB7 4HX,10,Clitheroe,44,10,29,BMI Gisburne Clinic
BMI The South Cheshire Hospital ,1-128767334,BMI The South Cheshire Hospital ,1-128767334,1,1,1,England - North West,"Crewe BMI South Cheshire Private Hospital, CW1 4QP M N C","Crewe ★ BMI South Cheshire Private Hospital, CW1 4QP M N C",3,5,CW1 4QP,6,Crewe,56,10,45,BMI South Cheshire Private Hospital
BMI The Lancaster Hospital ,1-128766928,BMI The Lancaster Hospital ,1-128766928,1,1,1,England - North West,"Lancaster BMI The Lancaster Hospital, LA1 3RH M N C","Lancaster ★ BMI The Lancaster Hospital, LA1 3RH M N C",3,9,LA1 3RH,10,Lancaster,51,10,36,BMI The Lancaster Hospital
University Hospital Aintree ,REM21,University Hospital Aintree ,REM21,1,1,1,England - North West,"Liverpool Sefton suite - Aintree University Hospital, L9 7AL M N C","Liverpool Sefton suite - Aintree University Hospital, L9 7AL M N C",3,9,L9 7AL,10,Liverpool,66,9,51,Sefton suite - Aintree University Hospital
Broadgreen Hospital,RQ601,Broadgreen Hospital,RQ601,1,1,,England - North West,"Liverpool Broadgreen Hospital, L14 3LB M N","Liverpool Broadgreen Hospital, L14 3LB M N",2,9,L14 3LB,10,Liverpool,42,10,29,Broadgreen Hospital
Liverpool Heart and Chest Hospital ,RBQHQ,Liverpool Heart and Chest Hospital ,RBQHQ,1,1,,England - North West,"Liverpool Liverpool Heart and Chest Hospital, L14 3PE M N","Liverpool Liverpool Heart and Chest Hospital, L14 3PE M N",2,9,L14 3PE,10,Liverpool,57,10,44,Liverpool Heart and Chest Hospital
Royal Liverpool University Hospital ,RQ617,Royal Liverpool University Hospital ,RQ617,1,1,,England - North West,"Liverpool Royal Liverpool University Hospital, L7 8XP M N","Liverpool Royal Liverpool University Hospital, L7 8XP M N",2,9,L7 8XP,10,Liverpool,57,9,44,Royal Liverpool University Hospital
Spire Liverpool Hospital ,1-2745411269,Spire Liverpool Hospital ,1-2745411269,1,1,1,England - North West,"Liverpool Spire Liverpool Hospital, L18 1HQ M N C","Liverpool ★ Spire Liverpool Hospital, L18 1HQ M N C",3,9,L18 1HQ,10,Liverpool,49,10,34,Spire Liverpool Hospital
Spire Regency Hospital ,1-2745329906,Spire Regency Hospital ,1-2745329906,1,1,,England - North West,"Macclesfield Spire Regency Hospital, SK11 8DW M N","Macclesfield ★ Spire Regency Hospital, SK11 8DW M N",2,12,SK11 8DW,13,Macclesfield,49,11,33,Spire Regency Hospital
Bridgewater Wellness Clinic ,1-2112545028,Bridgewater Wellness Clinic ,1-2112545028,1,1,,England - North West,"Manchester Bridgewater Hospital, M15 5AT M N","Manchester ★ Bridgewater Hospital, M15 5AT M N",2,10,M15 5AT,11,Manchester,44,10,30,Bridgewater Hospital
The Christie Clinic ,1-336444251,The Christie Clinic ,1-336444251,1,1,,England - North West,"Manchester The Christie Clinic, M20 4BX M N","Manchester ★ The Christie Clinic, M20 4BX M N",2,10,M20 4BX,11,Manchester,43,10,29,The Christie Clinic
Manchester Royal Infirmary ,R0A02,Manchester Royal Infirmary ,R0A02,1,1,,England - North West,"Manchester Royal Manchester Children’s Hospital, M13 9WL M N","Manchester Royal Manchester Children’s Hospital, M13 9WL M N",2,10,M13 9WL,11,Manchester,60,10,46,Royal Manchester Children’s Hospital
Royal Manchester Eye Hospital ,R0A04,Royal Manchester Eye Hospital ,R0A04,1,1,,England - North West,"Manchester Manchester Royal Eye Hospital, M13 9WH M N","Manchester Manchester Royal Eye Hospital, M13 9WH M N",2,10,M13 9WH,11,Manchester,53,10,39,Manchester Royal Eye Hospital
Manchester Royal Infirmary ,R0A02,Manchester Royal Infirmary ,R0A02,1,1,,England - North West,"Manchester Manchester Royal Infirmary, M13 9WL M N","Manchester Manchester Royal Infirmary, M13 9WL M N",2,10,M13 9WL,11,Manchester,50,10,36,Manchester Royal Infirmary
Spire Manchester Hospital ,1-3075405928,Spire Manchester Hospital ,1-3075405928,1,1,,England - North West,"Manchester Spire Manchester Hospital, M16 8AJ M N","Manchester ★ Spire Manchester Hospital, M16 8AJ M N",2,10,M16 8AJ,11,Manchester,49,10,35,Spire Manchester Hospital
Renacres Hospital ,1-128733087,Renacres Hospital ,1-128733087,1,1,1,England - North West,"Ormskirk Renacres Hospital, L39 8SE M N C","Ormskirk ★ Renacres Hospital, L39 8SE M N C",3,8,L39 8SE,9,Ormskirk,41,10,27,Renacres Hospital
Fulwood Hall Hospital ,1-128732946,Fulwood Hall Hospital ,1-128732946,1,1,1,England - North West,"Preston Fulwood Hall Hospital, PR2 9SZ M N C","Preston ★ Fulwood Hall Hospital, PR2 9SZ M N C",3,7,PR2 9SZ,8,Preston,44,10,31,Fulwood Hall Hospital
,,,,1,1,,England - North West,"Preston The Priory Hospital Preston, PR4 0HB M N","Preston ★ The Priory Hospital Preston, PR4 0HB M N",2,7,PR4 0HB,8,Preston,48,10,37,The Priory Hospital Preston
BMI The Highfield Hospital ,1-128766862,BMI The Highfield Hospital ,1-128766862,1,1,1,England - North West,"Rochdale BMI The Highfield Hospital, OL11 4LZ M N C","Rochdale ★ BMI The Highfield Hospital, OL11 4LZ M N C",3,8,OL11 4LZ,9,Rochdale,51,11,37,BMI The Highfield Hospital
Fairfield Independent Hospital ,1-114621322,Fairfield Independent Hospital ,1-114621322,1,1,1,England - North West,"St.-Helens Fairfield Independent Hospital, WA11 7RS M N C","St. Helens ★ Fairfield Independent Hospital, WA11 7RS M N C",3,10,WA11 7RS,11,St.-Helens,57,11,41,Fairfield Independent Hospital
Oaklands Hospital ,1-128733032,Oaklands Hospital ,1-128733032,1,1,1,England - North West,"Salford Oaklands Hospital, M6 8AQ M N C","Salford ★ Oaklands Hospital, M6 8AQ M N C",3,7,M6 8AQ,8,Salford,39,9,26,Oaklands Hospital
Salford Royal Hospital ,RM301,Salford Royal Hospital ,RM301,1,1,,England - North West,"Salford Salford Royal Hospital , M6 8HD M N","Salford Salford Royal Hospital , M6 8HD M N",2,7,M6 8HD,8,Salford,43,9,32,Salford Royal Hospital 
Spire Murrayfield Hospital ,1-129798303,Spire Murrayfield Hospital ,1-129798303,1,1,1,England - North West,"Thingwall Spire Murrayfield Hospital, CH61 1AU M N C","Thingwall ★ Spire Murrayfield Hospital, CH61 1AU M N C",3,9,CH61 1AU,10,Thingwall,52,11,37,Spire Murrayfield Hospital
Spire Cheshire Hospital ,1-129798153,Spire Cheshire Hospital ,1-129798153,1,1,1,England - North West,"Warrington Spire Cheshire Hospital, WA4 4LU M N C","Warrington ★ Spire Cheshire Hospital, WA4 4LU M N C",3,10,WA4 4LU,11,Warrington,49,10,33,Spire Cheshire Hospital
BMI Woodlands Hospital ,1-128767416,BMI Woodlands Hospital ,1-128767416,1,1,1,England - North East,"Darlington BMI Woodlands Hospital, DL1 4PL M N C","Darlington ★ BMI Woodlands Hospital, DL1 4PL M N C",3,10,DL1 4PL,11,Darlington,48,10,32,BMI Woodlands Hospital
Freeman Hospital ,RTD01,Freeman Hospital ,RTD01,1,1,,England - North East,"Newcastle-Upon-Tyne Freeman Hospital, NE7 7DN M N","Newcastle-Upon-Tyne Freeman Hospital, NE7 7DN M N",2,19,NE7 7DN,20,Newcastle-Upon-Tyne,49,10,26,Freeman Hospital
Nuffield Health Newcastle-upon-Tyne Hospital ,1-115574618,Nuffield Health Newcastle-upon-Tyne Hospital ,1-115574618,1,1,1,England - North East,"Newcastle-Upon-Tyne Nuffield Health Newcastle Upon Tyne Hospital, NE2 1JP M N C","Newcastle-Upon-Tyne ★ Nuffield Health Newcastle Upon Tyne Hospital, NE2 1JP M N C",3,19,NE2 1JP,20,Newcastle-Upon-Tyne,79,10,54,Nuffield Health Newcastle Upon Tyne Hospital
Royal Victoria Infirmary ,RTD02,Royal Victoria Infirmary ,RTD02,1,1,,England - North East,"Newcastle-Upon-Tyne Royal Victoria Infirmary, NE1 4LP M N","Newcastle-Upon-Tyne Royal Victoria Infirmary, NE1 4LP M N",2,19,NE1 4LP,20,Newcastle-Upon-Tyne,57,10,34,Royal Victoria Infirmary
Nuffield Health Tees Hospital ,1-115574718,Nuffield Health Tees Hospital ,1-115574718,1,1,1,England - North East,"Stockton-on-Tees Nuffield Health Tees Hospital, TS20 1PX M N C","Stockton-on-Tees ★ Nuffield Health Tees Hospital, TS20 1PX M N C",3,16,TS20 1PX,17,Stockton-on-Tees,62,11,40,Nuffield Health Tees Hospital
Spire Washington Hospital ,1-129798468,Spire Washington Hospital ,1-129798468,1,1,1,England - North East,"Washington Spire Washington Hospital, NE38 9JZ M N C","Washington ★ Spire Washington Hospital, NE38 9JZ M N C",3,10,NE38 9JZ,11,Washington,52,11,36,Spire Washington Hospital
#N/A,#N/A,#N/A,#N/A,1,1,,Scotland,"Aberdeen Aberdeen Royal Infirmary, AB25 2ZN M N","Aberdeen Aberdeen Royal Infirmary, AB25 2ZN M N",2,8,AB25 2ZN,9,Aberdeen,47,11,35,Aberdeen Royal Infirmary
#N/A,#N/A,#N/A,#N/A,1,1,1,Scotland,"Aberdeen BMI Albyn Hospital, AB10 1RW M N C","Aberdeen ★ BMI Albyn Hospital, AB10 1RW M N C",3,8,AB10 1RW,9,Aberdeen,43,11,29,BMI Albyn Hospital
#N/A,#N/A,#N/A,#N/A,1,1,,Scotland,"Aberdeen Royal Aberdeen Children's Hospital, AB25 2ZG M N","Aberdeen Royal Aberdeen Children's Hospital, AB25 2ZG M N",2,8,AB25 2ZG,9,Aberdeen,57,11,45,Royal Aberdeen Children's Hospital
#N/A,#N/A,#N/A,#N/A,1,1,1,Scotland,"Ayr BMI Carrick Glen Hospital, KA6 6PG M N C","Ayr ★ BMI Carrick Glen Hospital, KA6 6PG M N C",3,7,KA6 6PG,4,Ayr,44,10,31,Carrick Glen Hospital
#N/A,#N/A,#N/A,#N/A,1,1,1,Scotland,"Dundee BMI Fernbrae Hospital, DD2 1LJ M N C","Dundee ★ BMI Fernbrae Hospital, DD2 1LJ M N C",3,6,DD2 1LJ,7,Dundee,43,10,31,BMI Fernbrae Hospital
#N/A,#N/A,#N/A,#N/A,1,1,,Scotland,"Edinburgh Spire Murrayfield Hospital, EH12 6UD M N","Edinburgh ★ Spire Murrayfield Hospital, EH12 6UD M N",2,9,EH12 6UD,10,Edinburgh,50,11,37,Spire Murrayfield Hospital
#N/A,#N/A,#N/A,#N/A,1,1,1,Scotland,"Glasgow BMI Ross Hall Hospital, G52 3NQ M N C","Glasgow ★ BMI Ross Hall Hospital, G52 3NQ M N C",3,7,G52 3NQ,8,Glasgow,45,10,32,BMI Ross Hall Hospital
#N/A,#N/A,#N/A,#N/A,1,1,,Scotland,"Glasgow Golden Jubilee Hospital , G81 4HX M N","Glasgow Golden Jubilee Hospital , G81 4HX M N",2,7,G81 4HX,8,Glasgow,45,10,34,Golden Jubilee Hospital 
#N/A,#N/A,#N/A,#N/A,1,1,1,Scotland,"Glasgow Nuffield Health Glasgow Hospital, G12 0PJ M N C","Glasgow ★ Nuffield Health Glasgow Hospital, G12 0PJ M N C",3,7,G12 0PJ,8,Glasgow,55,10,42,Nuffield Health Glasgow Hospital
#N/A,#N/A,#N/A,#N/A,1,1,,Scotland,"Glasgow Southern General Hospital Glasgow, G51 4TF M N","Glasgow Southern General Hospital Glasgow, G51 4TF M N",2,7,G51 4TF,8,Glasgow,54,10,43,Southern General Hospital Glasgow
#N/A,#N/A,#N/A,#N/A,1,1,,Scotland,"Glasgow The Priory Hospital Glasgow, G41 3DW M N","Glasgow ★ The Priory Hospital Glasgow, G41 3DW M N",2,7,G41 3DW,8,Glasgow,48,10,37,The Priory Hospital Glasgow
#N/A,#N/A,#N/A,#N/A,1,1,,Scotland,"Glasgow Victoria Infirmary Glasgow, G42 9TY M N","Glasgow Victoria Infirmary Glasgow, G42 9TY M N",2,7,G42 9TY,8,Glasgow,47,10,36,Victoria Infirmary Glasgow
#N/A,#N/A,#N/A,#N/A,1,1,1,Scotland,"Glasgow BMI King’s Park Hospital, FK7 9PU M N C","Glasgow ★ BMI King’s Park Hospital, FK7 9PU M N C",3,7,FK7 9PU,8,Glasgow,47,10,34,BMI King’s Park Hospital
#N/A,#N/A,#N/A,#N/A,1,1,1,Northern Ireland,"Ballykelly North West Independent Hospital, BT49 9HS M N C","Ballykelly ★ North West Independent Hospital, BT49 9HS M N C",3,10,BT49 9HS,11,Ballykelly,58,11,42,North West Independent Hospital
#N/A,#N/A,#N/A,#N/A,1,1,,Northern Ireland,"Belfast Belfast City Hospital, BT9 7AB M N","Belfast Belfast City Hospital, BT9 7AB M N",2,7,BT9 7AB,8,Belfast,42,10,31,Belfast City Hospital
#N/A,#N/A,#N/A,#N/A,1,1,,Northern Ireland,"Belfast Kingsbridge Private Hospital, BT9 7GX M N","Belfast ★ Kingsbridge Private Hospital, BT9 7GX M N",2,7,BT9 7GX,8,Belfast,49,10,38,Kingsbridge Private Hospital
#N/A,#N/A,#N/A,#N/A,1,1,,Northern Ireland,"Belfast Royal Belfast Hospital For Sick Children, BT12 6BE M N","Belfast Royal Belfast Hospital For Sick Children, BT12 6BE M N",2,7,BT12 6BE,8,Belfast,62,11,51,Royal Belfast Hospital For Sick Children
#N/A,#N/A,#N/A,#N/A,1,1,,Northern Ireland,"Belfast Royal Victoria Hospital Belfast, BT12 6BA M N","Belfast Royal Victoria Hospital Belfast, BT12 6BA M N",2,7,BT12 6BA,8,Belfast,53,11,42,Royal Victoria Hospital Belfast
#N/A,#N/A,#N/A,#N/A,1,1,1,Northern Ireland,"Belfast Ulster Independent Clinic, BT9 5JH M N C","Belfast ★ Ulster Independent Clinic, BT9 5JH M N C",3,7,BT9 5JH,8,Belfast,48,10,35,Ulster Independent Clinic
#N/A,#N/A,#N/A,#N/A,1,1,,Northern Ireland,"Dundonald Ulster Hospital, BT16 1RH M N","Dundonald Ulster Hospital, BT16 1RH M N",2,9,BT16 1RH,10,Dundonald,39,11,26,Ulster Hospital
#N/A,#N/A,#N/A,#N/A,1,1,,Northern Ireland,"Hillsborough Hillsborough Private Clinic, BT26 6AE M N","Hillsborough ★ Hillsborough Private Clinic, BT26 6AE M N",2,12,BT26 6AE,13,Hillsborough,54,11,38,Hillsborough Private Clinic
#N/A,#N/A,#N/A,#N/A,1,1,,Wales,"Abergavenny Nevill Hall Hospital, Glan Usk Suite, NP7 7EG M N","Abergavenny Nevill Hall Hospital, Glan Usk Suite, NP7 7EG M N",2,11,Glan Usk,12,Abergavenny,61,11,46,"Nevill Hall Hospital, Glan Usk Suit"
#N/A,#N/A,#N/A,#N/A,1,1,1,Wales,"Cardiff Spire Cardiff Hospital, CF23 8XL M N C","Cardiff ★ Spire Cardiff Hospital, CF23 8XL M N C",3,7,CF23 8XL,8,Cardiff,46,11,33,Spire Cardiff Hospital
#N/A,#N/A,#N/A,#N/A,1,1,1,Wales,"Carmarthen BMI Werndale Hospital, SA33 5NE M N C","Carmarthen ★ BMI Werndale Hospital, SA33 5NE M N C",3,10,SA33 5NE,11,Carmarthen,48,11,32,BMI Werndale Hospital
#N/A,#N/A,#N/A,#N/A,1,1,,Wales,"Hensol Nuffield Health Vale Hospital, CF72 8JX M N","Hensol ★ Nuffield Health Vale Hospital, CF72 8JX M N",2,6,CF72 8JX,7,Hensol,50,11,40,Nuffield Health Vale Hospital
#N/A,#N/A,#N/A,#N/A,1,1,1,Wales,"Newport St Joseph’s Hospital, NP20 6ZE M N C","Newport ★ St Joseph’s Hospital, NP20 6ZE M N C",3,7,NP20 6ZE,8,Newport,44,11,31,St Joseph’s Hospital
#N/A,#N/A,#N/A,#N/A,1,1,,Wales,"Swansea Sancta Maria Hospital, SA1 6DF M N","Swansea ★ Sancta Maria Hospital, SA1 6DF M N",2,7,SA1 6DF,8,Swansea,42,10,31,Sancta Maria Hospital
#N/A,#N/A,#N/A,#N/A,1,1,1,Wales,"Wrexham Spire Yale Hospital, LL13 7YP M N C","Wrexham ★ Spire Yale Hospital, LL13 7YP M N C",3,7,LL13 7YP,8,Wrexham,43,11,30,Spire Yale Hospital
#N/A,#N/A,#N/A,#N/A,1,1,,Channel Islands,"Alderney Mignot Hospital, GY9 3XY M N","Alderney Mignot Hospital, GY9 3XY M N",2,8,GY9 3XY,9,Alderney,37,10,25,Mignot Hospital
#N/A,#N/A,#N/A,#N/A,1,1,,Channel Islands,"Guernsey Princess Elizabeth Hospital - Guernsey, GY4 6UU M N","Guernsey Princess Elizabeth Hospital - Guernsey, GY4 6UU M N",2,8,GY4 6UU,9,Guernsey,60,10,48,Princess Elizabeth Hospital - Guernsey
#N/A,#N/A,#N/A,#N/A,1,1,,Channel Islands,"Jersey Jersey General Hospital, JE1 3QS M N","Jersey Jersey General Hospital, JE1 3QS M N",2,6,JE1 3QS,7,Jersey,43,10,33,Jersey General Hospital
