Pru List Extract,Location ID,Location Name,Town,Prudential Hospital,Hospital,Region,Vitality Health - Local - Excludes Central London,Vitality Health - Country-wide - all of Local plus non London NHS Private Patient Units and some Central London hospitals,Vitality Health London Care - All Hospitals including Central London,Ignore After this column,NHS or Psychiatric (N or P),Alt ID,Alt Loc
Beckenham BMI Sloane Hospital,1-128767290,BMI The Sloane Hospital ,Beckenham ,BMI Sloane Hospital,BMI Sloane Hospital,London,1,1,1,,,,
Boston Boston West Hospital,1-128732808,Boston West Hospital ,Boston ,Boston West Hospital,Boston West Hospital,East Midlands,1,1,1,,,,
Altrincham Priory Hospital Altrincham,,,Altrincham ,Priory Hospital Altrincham,Priory Hospital Altrincham,North West,1,1,1,,P,,
Ashford NHS Ashford Hospital - The Shakespeare Suite,RTK02,Ashford Hospital ,Ashford ,NHS Ashford Hospital - The Shakespeare Suite,Ashford Hospital - The Shakespeare Suite,South East,,1,1,,N,,
Ashford One Ashford Hospital,1-2444342125,One Ashford Hospital ,Ashford ,One Ashford Hospital,One Ashford Hospital,South East,1,1,1,,,,
Ashtead Ashtead Hospital,1-128718687,Ashtead Hospital ,Ashtead ,Ashtead Hospital,Ashtead Hospital,South East,1,1,1,,,,
Blackburn BMI Beardwood Hospital,1-128758505,BMI The Beardwood Hospital ,Blackburn ,BMI Beardwood Hospital,BMI Beardwood Hospital,North West,1,1,1,,,,
Barnstaple NHS North Devon District Hospital - Roborough Suite,RBZ12,North Devon District Hospital ,Barnstaple ,NHS North Devon District Hospital - Roborough Suite,North Devon District Hospital - Roborough Suite,South West,,1,1,,N,,
Blackpool NHS Blackpool Victoria Hospital - Lancashire Suite,RXL01,Blackpool Victoria Hospital ,Blackpool ,NHS Blackpool Victoria Hospital - Lancashire Suite,Blackpool Victoria Hospital - Lancashire Suite,North West,,1,1,,N,,
Blackheath BMI Blackheath Hospital,1-128758547,BMI The Blackheath Hospital ,Blackheath ,BMI Blackheath Hospital,BMI Blackheath Hospital,London,1,1,1,,,,
Bloomsbury Harley Street at UCH – 15th Floor,RRV03,University College Hospital & Elizabeth Garrett Anderson Wing ,Bloomsbury ,Harley Street at UCH – 15th Floor,Harley Street at UCH – 15th Floor,London,,,1,,N,,
Bloomsbury NHS Great Ormond Street Hospital for Children - Private Patient Unit,RP401,Great Ormond Street Hospital  (Specialist Site) ,Bloomsbury ,NHS Great Ormond Street Hospital for Children - Private Patient Unit,Great Ormond Street Hospital for Children - Private Patient Unit,London,,1,1,,N,,
Banbury Foscote Private Hospital,1-115172463,The Foscote Private Hospital ,Banbury ,Foscote Private Hospital,Foscote Private Hospital,South East,1,1,1,,,,
Banbury Horton NHS Treatment Centre,1-128732838,Horton Treatment Centre ,Banbury ,Horton NHS Treatment Centre,Horton Treatment Centre,South East,1,1,1,,,,
Basingstoke BMI The Hampshire Clinic,1-128766820,BMI The Hampshire Clinic ,Basingstoke ,BMI The Hampshire Clinic,BMI The Hampshire Clinic,South East,1,1,1,,,,
Bloomsbury NHS National Hospital for Neurology and Neurosurgery - Nuffield Ward,RRVNQ,The National Hospital for Neurology and Neurosurgery,Bloomsbury ,NHS National Hospital for Neurology and Neurosurgery - Nuffield Ward,National Hospital for Neurology and Neurosurgery - Nuffield Ward,London,,1,1,,N,,
Bromley The Priory Hospital Hayes Grove,,,Bromley ,The Priory Hospital Hayes Grove,The Priory Hospital Bromley,London,1,1,1,,P,,
Bingley Yorkshire Clinic,1-128733159,The Yorkshire Clinic ,Bingley ,Yorkshire Clinic,Yorkshire Clinic,Yorkshire and The Humber,1,1,1,,,,
Edgbaston BMI Edgbaston Hospital,1-128758464,BMI The Edgbaston Hospital ,Edgbaston ,BMI Edgbaston Hospital,BMI Edgbaston Hospital,West Midlands,1,1,1,,,,
"Brighton NHS Royal Sussex County Hospital - Howard II Ward, Albion Ward",RXH01,Royal Sussex County Hospital ,Brighton ,"NHS Royal Sussex County Hospital - Howard II Ward, Albion Ward","Royal Sussex County Hospital - Howard II Ward, Albion Ward",South East,,1,1,,N,,
Blackpool Spire Fylde Coast Hospital,1-2745681065,Spire Fylde Coast Hospital ,Blackpool ,Spire Fylde Coast Hospital,Spire Fylde Coast Hospital,North West,1,1,1,,,,
Brighton The Montefiore Hospital,1-523658550,The Montefiore Hospital ,Brighton ,The Montefiore Hospital,The Montefiore Hospital,South East,1,1,1,,,,
Chelsea NHS Chelsea & Westminster Hospital - The Chelsea Wing,RQM01,Chelsea and Westminster Hospital ,Chelsea ,NHS Chelsea & Westminster Hospital - The Chelsea Wing,Chelsea & Westminster Hospital - The Chelsea Wing,London,1,1,1,,N,,
Bradford NHS Bradford Royal Infirmary - The York Suite,RAE01,Bradford Royal Infirmary ,Bradford ,NHS Bradford Royal Infirmary - The York Suite,Bradford Royal Infirmary - The York Suite,Yorkshire and The Humber,,1,1,,N,,
Bolton BMI The Beaumont Hospital,1-128758526,BMI The Beaumont Hospital ,Bolton ,BMI The Beaumont Hospital,BMI The Beaumont Hospital,North West,1,1,1,,,,
Boston NHS  Pilgrim Hospital – The Bostonian,RWDLA,Pilgrim Hospital ,Boston ,NHS  Pilgrim Hospital – The Bostonian,Pilgrim Hospital – The Bostonian,East Midlands,1,1,1,,N,,
Coventry BMI Meriden Wing,1-128767023,BMI The Meriden Hospital ,Coventry ,BMI Meriden Wing,BMI Meriden Wing,West Midlands,1,1,1,,,,
Brighton Nuffield Health Brighton Hospital,1-115574357,Nuffield Health Brighton Hospital ,Brighton ,Nuffield Health Brighton Hospital,Nuffield Health Brighton Hospital,South East,1,1,1,,,,
Derby Nuffield Health Derby Hospital,1-115574458,Nuffield Health Derby Hospital ,Derby ,Nuffield Health Derby Hospital,Nuffield Health Derby Hospital,East Midlands,1,1,1,,,,
Camberley NHS Frimley Park Hospital - Parkside Suite,RDU01,Frimley Park Hospital ,Camberley ,NHS Frimley Park Hospital - Parkside Suite,Frimley Park Hospital - Parkside Suite,South East,,1,1,,N,,
Basildon NHS Nash Basildon - The Brooke Suite,,,Basildon ,NHS Nash Basildon - The Brooke Suite,Nash Basildon - The Brooke Suite,East of England,1,1,1,,,,
Canterbury BMI Chaucer Hospital,1-128758675,BMI The Chaucer Hospital ,Canterbury ,BMI Chaucer Hospital,BMI Chaucer Hospital,South East,1,1,1,,,,
Chelsea NHS Royal Brompton Hospital – Reginald Wilson Ward,RT302,Royal Brompton Hospital  (Specialist Site) ,Chelsea ,NHS Royal Brompton Hospital – Reginald Wilson Ward,Royal Brompton Hospital – Reginald Wilson Ward,London,,,1,,N,,
Chelsea NHS The Royal Marsden Hospital – Granard House,RPY01,The Royal Marsden - London  (Specialist Site) ,Chelsea ,NHS The Royal Marsden Hospital – Granard House,The Royal Marsden Hospital – Granard House,London,,1,1,,N,,
Cheadle BMI Alexandra Hospital,1-128758569,BMI The Alexandra Hospital ,Cheadle ,BMI Alexandra Hospital,BMI Alexandra Hospital,North West,1,1,1,,,,
Bedford BMI The Manor Hospital,1-128767002,BMI The Manor Hospital ,Bedford ,BMI The Manor Hospital,BMI The Manor Hospital,East of England,1,1,1,,,,
Brentwood Brentwood Hospital,1-115574336,Nuffield Health Brentwood Hospital ,Brentwood ,Brentwood Hospital,Brentwood Hospital,East of England,1,1,1,,,,
Cheadle Cheadle Royal Hospital,,,Cheadle ,Cheadle Royal Hospital,Cheadle Royal Hospital,North West,1,1,1,,P,,
Droitwich BMI The Droitwich Spa Hospital,1-128758696,BMI The Droitwich Spa Hospital ,Droitwich ,BMI The Droitwich Spa Hospital,BMI The Droitwich Spa Hospital,West Midlands,1,1,1,,,,
Canterbury The Priory Clinic Canterbury,,,Canterbury ,The Priory Clinic Canterbury,The Priory Clinic Canterbury,South East,1,1,1,,P,,
Caterham North Downs Hospital,1-128733015,North Downs Hospital ,Caterham ,North Downs Hospital,North Downs Hospital,South East,1,1,1,,,,
Bath BMI Bath Clinic,1-128758255,BMI Bath Clinic ,Bath ,BMI Bath Clinic,BMI Bath Clinic,South West,1,1,1,,,,
Chester Nuffield Health The Grosvenor Hospital,1-115574737,Nuffield Health The Grosvenor Hospital Chester ,Chester ,Nuffield Health The Grosvenor Hospital,Nuffield Health The Grosvenor Hospital,North West,1,1,1,,,,
Chelsea The Lister Hospital,1-126955884,The Lister Hospital ,Chelsea ,The Lister Hospital,The Lister Hospital,London,,,1,,,,
Croydon BMI Shirley Oaks Hospital,1-128767270,BMI The Shirley Oaks Hospital ,Croydon ,BMI Shirley Oaks Hospital,BMI Shirley Oaks Hospital,London,1,1,1,,,,
Brentwood Nuffield Health Brentwood,1-115574336,Nuffield Health Brentwood Hospital ,Brentwood ,Nuffield Health Brentwood,Nuffield Health Brentwood,East of England,1,1,1,,,,
Chandlers Ford Nuffield Health Wessex Hospital ,1-115574818,Nuffield Health Wessex Hospital ,Chandlers Ford ,Nuffield Health Wessex Hospital ,Nuffield Health Wessex Hospital ,South East,1,1,1,,,,
Chertsey BMI Runnymede Hospital,1-128767168,BMI The Runnymede Hospital ,Chertsey ,BMI Runnymede Hospital,BMI Runnymede Hospital,South East,1,1,1,,,,
Edgbaston BMI The Priory Hospital,1-128767127,BMI The Priory Hospital ,Edgbaston ,BMI The Priory Hospital,BMI The Priory Hospital,West Midlands,1,1,1,,,,
Bath CircleBath Hospital,1-119269999,Circle Hospital (Bath) Ltd ,Bath ,CircleBath Hospital,CircleBath Hospital,South West,1,1,1,,,,
Chichester NHS St. Richard’s Hospital - The Chichester Suite,RYR16,St Richard's Hospital ,Chichester ,NHS St. Richard’s Hospital - The Chichester Suite,St. Richard’s Hospital - The Chichester Suite,South East,,1,1,,N,,
Chichester Nuffield Health Chichester Hospital,1-115574439,Nuffield Health Chichester Hospital ,Chichester ,Nuffield Health Chichester Hospital,Nuffield Health Chichester Hospital,South East,1,1,1,,,,
Crowborough The Horder Centre,1-109183027,Horder Healthcare ,Crowborough ,The Horder Centre,The Horder Centre,South East,,1,1,,,,
Bodmin Bodmin NHS Treatment Centre,,,Bodmin ,Bodmin NHS Treatment Centre,Bodmin Treatment Centre,South West,1,1,1,,,,
Doncaster Park Hill Hospital,1-138502307,Park Hill Hospital ,Doncaster ,Park Hill Hospital,Park Hill Hospital,Yorkshire and The Humber,1,1,1,,,,
Gainsborough Gainsborough NHS Treatment Centre,,,Gainsborough ,Gainsborough NHS Treatment Centre,Gainsborough Treatment Centre,East Midlands,1,1,1,,,RWDAS,John Coupland Hospital 
Darlington BMI Woodlands Hospital,1-128767416,BMI Woodlands Hospital ,Darlington ,BMI Woodlands Hospital,BMI Woodlands Hospital,North East,1,1,1,,,,
Bournemouth Bournemouth Hospital,RBD44,Royal Bournemouth Hospital ,Bournemouth ,Bournemouth Hospital,Bournemouth Hospital,South West,1,1,1,,N,,
Kettering Woodland Hospital,1-128733213,Woodland Hospital ,Kettering ,Woodland Hospital,Woodland Hospital,East Midlands,1,1,1,,,,
Bournemouth Nuffield Health Bournemouth,1-115574313,Nuffield Health Bournemouth Hospital ,Bournemouth ,Nuffield Health Bournemouth,Nuffield Health Bournemouth,South West,1,1,1,,,,
Brentwood Spire Hartswood Hospital,1-129798209,Spire Hartswood Hospital ,Brentwood ,Spire Hartswood Hospital,Spire Hartswood Hospital,East of England,1,1,1,,,,
Dartford BMI Fawkham Manor Hospital,1-128766738,BMI Fawkham Manor Hospital ,Dartford ,BMI Fawkham Manor Hospital,BMI Fawkham Manor Hospital,South East,1,1,1,,,,
Croydon Croydon Day Hospital,1-4151729297,Croydon Day Hospital ,Croydon ,Croydon Day Hospital,Croydon Day Hospital,London,1,1,1,,,,
Buckhurst Hill The Holly Private Hospital,1-1890528285,The Holly Private Hospital ,Buckhurst Hill ,The Holly Private Hospital,The Holly Private Hospital,East of England,1,1,1,,,,
Denmark Hill NHS King’s College Hospital - Guthrie Wing,RJZ01,King's College Hospital ,Denmark Hill ,NHS King’s College Hospital - Guthrie Wing,King’s College Hospital - Guthrie Wing,London,,1,1,,N,,
Chorley Euxton Hall Hospital,1-128732725,Euxton Hall Hospital ,Chorley ,Euxton Hall Hospital,Euxton Hall Hospital,North West,1,1,1,,,,
Bristol Nuffield Health Bristol Hospital,1-918228984,Nuffield Health Bristol Hospital - The Chesterfield ,Bristol ,Nuffield Health Bristol Hospital,Nuffield Health Bristol Hospital,South West,1,1,1,,,,
Bristol Spire Bristol Hospital,1-129783097,Spire Bristol Hospital ,Bristol ,Spire Bristol Hospital,Spire Bristol Hospital,South West,1,1,1,,,,
East Grinstead The McIndoe Centre,1-2115222657,"The Mcindoe Centre, Part of Horder Healthcare ",East Grinstead ,The McIndoe Centre,The McIndoe Centre,South East,1,1,1,,,,
Elland Spire Elland Hospital,1-2745680580,Spire Elland Hospital Including Longlands Consulting Rooms ,Elland ,Spire Elland Hospital,Spire Elland Hospital,Yorkshire and The Humber,1,1,1,,,,
Grimsby St. Hughs Hospital,1-112968810,St Hugh's Hospital ,Grimsby ,St. Hughs Hospital,St. Hughs Hospital,Yorkshire and The Humber,1,1,1,,,,
North Tyneside Cobalt NHS Treatment Centre,1-128732823,Cobalt Hospital ,North Tyneside ,Cobalt NHS Treatment Centre,Cobalt Treatment Centre,North East,1,1,1,,,,
Sutton Coldfield Spire Little Aston Hospital,1-129798265,Spire Little Aston Hospital ,Sutton Coldfield ,Coldfield Spire Little Aston Hospital,Coldfield Spire Little Aston Hospital,West Midlands,1,1,1,,,,
Embankment NHS St. Thomas’ Hospital - Westminster Unit,RJ122,St Thomas' Hospital ,Embankment ,NHS St. Thomas’ Hospital - Westminster Unit,St. Thomas’ Hospital - Westminster Unit,London,,1,1,,N,,
Eastbourne BMI The Esperance Private Hospital,1-128758484,BMI The Esperance Hospital ,Eastbourne ,BMI The Esperance Private Hospital,BMI The Esperance Private Hospital,South East,1,1,1,,,,
Enfield BMI Cavell Hospital,1-128758601,BMI The Cavell Hospital ,Enfield ,BMI Cavell Hospital,BMI Cavell Hospital,London,1,1,1,,,,
Bristol The Priory Hospital Bristol,,,Bristol ,The Priory Hospital Bristol,The Priory Hospital Bristol,South West,1,1,1,,P,,
Eastbourne NHS Eastbourne District General Hospital - Michelham Unit,RXC02,Eastbourne District General Hospital ,Eastbourne ,NHS Eastbourne District General Hospital - Michelham Unit,Eastbourne District General Hospital - Michelham Unit,South East,,1,1,,N,,
Crewe BMI South Cheshire,1-128767334,BMI The South Cheshire Hospital ,Crewe ,BMI South Cheshire,BMI South Cheshire,North West,1,1,1,,,,
Gisburn BMI Gisburne Park Hospital,1-128758296,BMI Gisburne Park Hospital ,Gisburn ,BMI Gisburne Park Hospital,BMI Gisburne Park Hospital,North West,1,1,1,,,,
Leicester Leicester Hospital,RWEAK,Leicester General Hospital ,Leicester ,Leicester Hospital,Leicester Hospital,East Midlands,1,1,1,,N,RWEAA,Leicester Royal Infirmary 
Bury St. Edmunds BMI St. Edmunds Hospital,1-128767355,BMI St Edmunds Hospital ,Bury St. Edmunds ,BMI St. Edmunds Hospital,BMI St. Edmunds Hospital,East of England,1,1,1,,,,
Eastbourne The Eastbourne Clinic,,,Eastbourne ,The Eastbourne Clinic,The Eastbourne Clinic,South East,1,1,1,,P,,
Lancaster BMI Lancaster Hospital,1-128766928,BMI The Lancaster Hospital ,Lancaster ,BMI Lancaster Hospital,BMI Lancaster Hospital,North West,1,1,1,,,,
Leicester Nuffield Health,1-115574597,Nuffield Health Leicester Hospital ,Leicester ,Nuffield Health,Nuffield Health,East Midlands,1,1,1,,,,
Birmingham GenesisCare Birmingham,,,Birmingham ,GenesisCare Birmingham,GenesisCare Birmingham,West Midlands,,1,1,,,,
Bushey Spire Bushey Hospital,1-129798115,Spire Bushey Hospital ,Bushey ,Spire Bushey Hospital,Spire Bushey Hospital,East of England,1,1,1,,,,
Cambridge Cambridge Hospital,1-115574398,Nuffield Health Cambridge Hospital ,Cambridge ,Cambridge Hospital,Cambridge Hospital,East of England,1,1,1,,,,
Cambridge Nuffield Health Cambridge,1-115574398,Nuffield Health Cambridge Hospital ,Cambridge ,Nuffield Health Cambridge,Nuffield Health Cambridge,East of England,1,1,1,,,,
Epsom NHS Epsom General Hospital - The Northey Suite,RVR50,Epsom General Hospital ,Epsom ,NHS Epsom General Hospital - The Northey Suite,Epsom General Hospital - The Northey Suite,South East,,1,1,,N,,
Farnham Spire Clare Park Hospital,1-2745447408,Spire Clare Park Hospital ,Farnham ,Spire Clare Park Hospital,Spire Clare Park Hospital,South East,1,1,1,,,,
Great Missenden BMI Chiltern Hospital,1-128758622,BMI The Chiltern Hospital ,Great Missenden ,BMI Chiltern Hospital,BMI Chiltern Hospital,South East,1,1,1,,,,
Leicester Spire Leicester Hospital,1-129798247,Spire Leicester Hospital ,Leicester ,Spire Leicester Hospital,Spire Leicester Hospital,East Midlands,1,1,1,,,,
Guildford BMI Mount Alvernia Hospital,1-128767043,BMI Mount Alvernia Hospital ,Guildford ,BMI Mount Alvernia Hospital,BMI Mount Alvernia Hospital,South East,1,1,1,,,,
Guildford GenesisCare Guildford,,,Guildford ,GenesisCare Guildford,GenesisCare Guildford,South East,,1,1,,,,
Guildford Guildford Hospital,1-115574498,Nuffield Health Guildford Hospital ,Guildford ,Guildford Hospital,Guildford Hospital,South East,1,1,1,,,,
Guildford Nuffield Health Guildford,1-115574498,Nuffield Health Guildford Hospital ,Guildford ,Nuffield Health Guildford,Nuffield Health Guildford Hospital ,South East,1,1,1,,,,
Enfield BMI The Kings Oak Private Hospital,1-128766906,BMI The Kings Oak Hospital ,Enfield ,BMI The Kings Oak Private Hospital,BMI The Kings Oak Private Hospital,London,1,1,1,,,,
Cambridge Spire Cambridge Lea Hospital,1-129798134,Spire Cambridge Lea Hospital ,Cambridge ,Spire Cambridge Lea Hospital,Spire Cambridge Lea Hospital,East of England,1,1,1,,,,
Goodmayes NHS King George Hospital - Juniper Ward,RF4DG,King George Hospital ,Goodmayes ,NHS King George Hospital - Juniper Ward,King George Hospital - Juniper Ward,London,,1,1,,N,,
Hammersmith Hammersmith Hospital - The Robert and Lisa Sainsbury Ward,RYJ03,Hammersmith Hospitals ,Hammersmith ,Hammersmith Hospital - The Robert and Lisa Sainsbury Ward,Hammersmith Hospital - The Robert and Lisa Sainsbury Ward,London,,1,1,,N,,
Hammersmith NHS Charing Cross Hospital - The Fifteenth Floor Hammersmith NHS,RYJ02,Charing Cross Hospital ,Hammersmith ,NHS Charing Cross Hospital - The Fifteenth Floor Hammersmith NHS,Charing Cross Hospital - The Fifteenth Floor Hammersmith NHS,London,,1,1,,N,,
Haywards Heath Nuffield Health Haywards Heath Hospital,1-115574517,Nuffield Health Haywards Heath Hospital ,Haywards Heath ,Nuffield Health Haywards Heath Hospital,Nuffield Health Haywards Heath Hospital,South East,1,1,1,,,,
Hammersmith NHS Queen Charlotte’s Hospital for Women - Private Patient Unit,RYJ04,Queen Charlottes and Chelsea Hospital ,Hammersmith ,NHS Queen Charlotte’s Hospital for Women - Private Patient Unit,Queen Charlotte’s Hospital for Women - Private Patient Unit,London,,1,1,,N,,
High Wycombe BMI The Shelburne Hospital,1-128767252,BMI The Shelburne Hospital ,High Wycombe ,BMI The Shelburne Hospital,BMI The Shelburne Hospital,South East,1,1,1,,,,
Hampstead NHS Royal Free Hospital - Private Patient Unit,RAL01,The Royal Free Hospital ,Hampstead ,NHS Royal Free Hospital - Private Patient Unit,Royal Free Hospital - Private Patient Unit,London,,1,1,,N,,
Lincoln BMI Lincoln Hospital,1-128766946,BMI The Lincoln Hospital ,Lincoln ,BMI Lincoln Hospital,BMI Lincoln Hospital,East Midlands,1,1,1,,,,
Harefield NHS Harefield Hospital - B East Ward,RT301,Harefield Hospital  (Specialist Site) ,Harefield ,NHS Harefield Hospital - B East Ward,Harefield Hospital - B East Ward,London,,1,1,,N,,
Harrow BMI Clementine Churchill Hospital,1-128758653,BMI The Clementine Churchill Hospital ,Harrow ,BMI Clementine Churchill Hospital,BMI Clementine Churchill Hospital,London,1,1,1,,,,
Harrow Cygnet Hospital Harrow,,,Harrow ,Cygnet Hospital Harrow,Cygnet Hospital Harrow,London,1,1,1,,P,,
Cheltenham Cheltenham Hospital,1-115574419,Nuffield Health Cheltenham Hospital ,Cheltenham ,Cheltenham Hospital,Nuffield Health Cheltenham Hospital,South West,1,1,1,,,,
Cheltenham NHS Cheltenham General Hospital - Private Patient Unit,RTE01,Cheltenham General Hospital ,Cheltenham ,NHS Cheltenham General Hospital - Private Patient Unit,Cheltenham General Hospital - Private Patient Unit,South West,,1,1,,N,,
Harrow NHS Northwick Park & St Mark’s Hospitals – Trustplus,R1K01,Northwick Park Hospital ,Harrow ,NHS Northwick Park & St Mark’s Hospitals – Trustplus,Northwick Park & St Mark’s Hospitals – Trustplus,London,,1,1,,N,,
Northampton BMI Three Shires Hospital,1-2079393249,BMI Three Shires Hospital ,Northampton ,BMI Three Shires Hospital,BMI Three Shires Hospital,East Midlands,1,1,1,,,,
Harrogate BMI Duchy Hospital,1-128766718,BMI The Duchy Hospital ,Harrogate ,BMI Duchy Hospital,BMI Duchy Hospital,Yorkshire and The Humber,1,1,1,,,,
Liverpool Aintree University Hospital -Sefton Suite,,,Liverpool ,Aintree University Hospital -Sefton Suite,Aintree University Hospital -Sefton Suite,North West,,1,1,,,,
Horley Spire Gatwick Park Hospital,1-129798171,Spire Gatwick Park Hospital ,Horley ,Spire Gatwick Park Hospital,Spire Gatwick Park Hospital,South East,1,1,1,,,,
Liverpool NHS Liverpool Heart and Chest Hospital - Maple Suite,RBQHQ,Liverpool Heart and Chest Hospital  (Specialist Site) ,Liverpool ,NHS Liverpool Heart and Chest Hospital - Maple Suite,Liverpool Heart and Chest Hospital - Maple Suite,North West,,1,1,,N,,
Harrogate NHS Harrogate District Hospital - The Harlow Suite,RCD01,Harrogate District Hospital ,Harrogate ,NHS Harrogate District Hospital - The Harlow Suite,Harrogate District Hospital - The Harlow Suite,Yorkshire and The Humber,,1,1,,N,,
Hendon BMI Hendon Hospital,1-128766778,BMI Hendon Hospital ,Hendon ,BMI Hendon Hospital,BMI Hendon Hospital,London,1,1,1,,,,
Highgate Abbeydale Independent Hospital,,,Highgate ,Abbeydale Independent Hospital,Abbeydale Independent Hospital,London,1,1,1,,P,,
Cheltenham Nuffield Health Cheltenham,1-115574419,Nuffield Health Cheltenham Hospital ,Cheltenham ,Nuffield Health Cheltenham,Nuffield Health Cheltenham,South West,1,1,1,,,,
Dorchester BMI The Winterbourne Hospital,1-128767396,BMI The Winterbourne Hospital ,Dorchester ,BMI The Winterbourne Hospital,BMI The Winterbourne Hospital,South West,1,1,1,,,,
Hove Elysium Brighton & Hove Clinic,,,Hove ,Elysium Brighton & Hove Clinic,Elysium Brighton & Hove Clinic,South East,1,1,1,,P,,
Hythe Spire St. Saviour's Hospital,Archived,Archived,Hythe ,Spire St. Saviour's Hospital,Spire St. Saviour's Hospital,South East,1,1,1,,,,
Maidstone BMI The Somerfield Hospital,Archived,Archived,Maidstone ,BMI The Somerfield Hospital,BMI The Somerfield Hospital,South East,1,1,1,,,,
Exeter Nuffield Health Exeter Hospital,1-115574477,Nuffield Health Exeter Hospital ,Exeter ,Nuffield Health Exeter Hospital,Nuffield Health Exeter Hospital,South West,1,1,1,,,,
Highgate Highgate Private Hospital,1-1890546867,Highgate Hospital ,Highgate ,Highgate Private Hospital,Highgate Private Hospital,London,1,1,1,,,,
Kensington Bupa Cromwell Hospital,1-130440888,BUPA Cromwell Hospital ,Kensington ,Bupa Cromwell Hospital,Bupa Cromwell Hospital,London,,,1,,,,
Huddersfield BMI Huddersfield Hospital,1-128766884,BMI The Huddersfield Hospital ,Huddersfield ,BMI Huddersfield Hospital,BMI Huddersfield Hospital,Yorkshire and The Humber,1,1,1,,,,
Chelmsford GenesisCare Chelmsford,,,Chelmsford ,GenesisCare Chelmsford,GenesisCare Chelmsford,East of England,,1,1,,,,
Chelmsford Priory Hospital Chelmsford,,,Chelmsford ,Priory Hospital Chelmsford,Priory Hospital Chelmsford,East of England,1,1,1,,P,,
Chelmsford Springfield Hospital,1-128733123,Springfield Hospital ,Chelmsford ,Springfield Hospital,Springfield Hospital,East of England,1,1,1,,,,
Maidstone GenesisCare Maidstone,,,Maidstone ,GenesisCare Maidstone,GenesisCare Maidstone,South East,,1,1,,,,
Kingston-upon-Thames BMI Coombe Wing,1-128758442,BMI Coombe Wing ,Kingston-upon-Thames ,BMI Coombe Wing,BMI Coombe Wing,London,1,1,1,,,,
Kingston-upon-Thames New Victoria Hospital,1-108386437,The New Victoria Hospital ,Kingston-upon-Thames ,New Victoria Hospital,New Victoria Hospital,London,1,1,1,,,,
Hull Spire Hull and East Riding Hospital,1-2745570008,Spire Hull & East Riding Hospital ,Hull ,Spire Hull and East Riding Hospital,Spire Hull and East Riding Hospital,Yorkshire and The Humber,1,1,1,,,,
Liverpool Spire Liverpool Hospital,1-2745411269,Spire Liverpool Hospital ,Liverpool ,Spire Liverpool Hospital,Spire Liverpool Hospital,North West,1,1,1,,,,
Colchester Oaks Hospital,1-128733050,Oaks Hospital ,Colchester ,Oaks Hospital,Oaks Hospital,East of England,1,1,1,,,,
Macclesfield Spire Regency Hospital,1-2745329906,Spire Regency Hospital ,Macclesfield ,Spire Regency Hospital,Spire Regency Hospital,North West,1,1,1,,,,
Elstree GenesisCare Elstree,,,Elstree ,GenesisCare Elstree,GenesisCare Elstree,East of England,,1,1,,,,
London Bridge London Bridge Hospital,1-126955902,The London Bridge Hospital ,London Bridge ,London Bridge Hospital,London Bridge Hospital,London,,,1,,,,
Great Yarmouth NHS James Paget Hospital - The Charnwood Suite,RGP75,James Paget Hospital ,Great Yarmouth ,NHS James Paget Hospital - The Charnwood Suite,James Paget Hospital - The Charnwood Suite,East of England,,1,1,,N,,
Gloucester NHS Gloucestershire Royal Hospital - Gloucester Ward,RTE03,Gloucestershire Royal Hospital ,Gloucester ,NHS Gloucestershire Royal Hospital - Gloucester Ward,Gloucestershire Royal Hospital - Gloucester Ward,South West,,1,1,,N,,
Marylebone Capio Nightingale Hospital,,,Marylebone ,Capio Nightingale Hospital,Capio Nightingale Hospital,London,,,1,,P,,
Maidstone KIMS Hospital Ltd,1-1285831303,KIMS Hospital ,Maidstone ,KIMS Hospital Ltd,KIMS Hospital Ltd,South East,1,1,1,,,,
Harpenden Spire Harpenden Hospital,1-129798190,Spire Harpenden Hospital ,Harpenden ,Spire Harpenden Hospital,Spire Harpenden Hospital,East of England,1,1,1,,,,
Margate NHS Queen Elizabeth the Queen Mother Hospital - The Spencer Wing,RVV09,Queen Elizabeth The Queen Mother Hospital ,Margate ,NHS Queen Elizabeth the Queen Mother Hospital - The Spencer Wing,Queen Elizabeth the Queen Mother Hospital - The Spencer Wing,South East,,1,1,,N,,
Marylebone Harley Street Clinic,,,Marylebone ,Harley Street Clinic,Harley Street Clinic,London,,,1,,,,
Birmingham NHS Queen Elizabeth Hospital - Private Patient Unit,RRK15,Queen Elizabeth Hospital Birmingham ,Birmingham ,NHS Queen Elizabeth Hospital - Private Patient Unit,Queen Elizabeth Hospital - Private Patient Unit,West Midlands,,1,1,,N,,
Hatfield One Hatfield Hospital,1-4564871196,One Hatfield Hospital Ltd ,Hatfield ,One Hatfield Hospital,One Hatfield Hospital,East of England,1,1,1,,,,
Margate NHS Treatment Centre,,,Margate ,NHS Treatment Centre,Treatment Centre,South East,1,1,1,,,,
Burton-upon-Trent NHS Queen’s Hospital - The Burton Clinic,RTGX1,Queens Hospital,Burton-upon-Trent ,NHS Queen’s Hospital - The Burton Clinic,Queen’s Hospital - The Burton Clinic,West Midlands,,1,1,,N,,
Oswestry NHS Robert Jones & Agnes Hunt Orthopaedic Hospital - Ludlow Ward,RL131,The Robert Jones & Agnes Hunt Hospital  (Specialist Site) ,Oswestry ,NHS Robert Jones & Agnes Hunt Orthopaedic Hospital - Ludlow Ward,Robert Jones & Agnes Hunt Orthopaedic Hospital - Ludlow Ward,West Midlands,,1,1,,N,,
Marylebone King Edward VII’s - Sister Agnes Hospital,1-114202635,King Edward VII's Hospital ,Marylebone ,King Edward VII’s - Sister Agnes Hospital,King Edward VII’s - Sister Agnes Hospital,London,,1,1,,,,
Marylebone LOC – Leaders in Oncology Care,,,Marylebone ,LOC – Leaders in Oncology Care,LOC – Leaders in Oncology Care,London,,,1,,,,
Marylebone Portland Hospital for Women & Children,1-126955917,The Portland Hospital for Women and Children ,Marylebone ,Portland Hospital for Women & Children,Portland Hospital for Women & Children,London,1,1,1,,,,
Birmingham NHS Royal Orthopaedic Hospital - Private Ward 10,RRJ05,The Royal Orthopaedic Hospital  (Specialist Site) ,Birmingham ,NHS Royal Orthopaedic Hospital - Private Ward 10,Royal Orthopaedic Hospital - Private Ward 10,West Midlands,,1,1,,N,,
Milton Keynes Blakelands Hospital,1-128732777,Blakelands Hospital ,Milton Keynes ,Blakelands Hospital,Blakelands Hospital,South East,1,1,1,,,,
Newcastle-upon-Tyne NHS Royal Victoria Infirmary - The Bishop Ward,RTD02,Royal Victoria Infirmary ,Newcastle-upon-Tyne ,NHS Royal Victoria Infirmary - The Bishop Ward,Royal Victoria Infirmary - The Bishop Ward,North East,,1,1,,N,,
Gloucester Winfield Hospital,1-128733195,Winfield Hospital ,Gloucester ,Winfield Hospital,Winfield Hospital,South West,1,1,1,,,,
Keighley NHS Airedale General Hospital - Ward 19,RCF22,Airedale General Hospital ,Keighley ,NHS Airedale General Hospital - Ward 19,Airedale General Hospital - Ward 19,Yorkshire and The Humber,,1,1,,N,,
Marylebone Princess Grace Hospital,1-126955732,The Princess Grace Hospital ,Marylebone ,Princess Grace Hospital,Princess Grace Hospital,London,,,1,,,,
Milton Keynes BMI The Saxon Clinic,1-128767232,BMI The Saxon Clinic ,Milton Keynes ,BMI The Saxon Clinic,BMI The Saxon Clinic,South East,1,1,1,,,,
Milton Keynes GenesisCare Milton Keynes,,,Milton Keynes ,GenesisCare Milton Keynes,GenesisCare Milton Keynes,South East,,1,1,,,,
Marylebone Schoen Clinic,,,Marylebone ,Schoen Clinic,Schoen Clinic,London,,,1,,,,
Plymouth NHS Derriford Hospital - Meavy Clinic,RK950,Derriford Hospital ,Plymouth ,NHS Derriford Hospital - Meavy Clinic,Derriford Hospital - Meavy Clinic,South West,,1,1,,N,,
Manchester NHS Manchester Centre for Vision - Private Patient Unit,,,Manchester ,NHS Manchester Centre for Vision - Private Patient Unit,Manchester Centre for Vision - Private Patient Unit,North West,,1,1,,,,
Plymouth Nuffield Health Plymouth,1-115574658,Nuffield Health Plymouth Hospital ,Plymouth ,Nuffield Health Plymouth,Nuffield Health Plymouth,South West,1,1,1,,,,
Telford NHS The Princess Royal Hospital - Apley Ward,RXWAT,The Princess Royal Hospital ,Telford ,NHS The Princess Royal Hospital - Apley Ward,The Princess Royal Hospital - Apley Ward,West Midlands,,1,1,,N,,
Marylebone The London Clinic,1-114617347,The London Clinic ,Marylebone ,The London Clinic,The London Clinic,London,,1,1,,,,
Moorgate Moorfields Eye Hospital - Cumberlege Wing,RP601,Moorfields Eye Hospital  (Specialist Site) ,Moorgate ,Moorfields Eye Hospital - Cumberlege Wing,Moorfields Eye Hospital - Cumberlege Wing,London,,1,1,,N,,
Newport NHS St. Mary's Hospital – Mottistone Suite,R1F01,St Mary's Hospital ,Newport ,NHS St. Mary's Hospital – Mottistone Suite,St. Mary's Hospital – Mottistone Suite,South East,1,1,1,,N,,
Orpington BMI Chelsfield Park Hospital,1-128758401,BMI Chelsfield Park Hospital ,Orpington ,BMI Chelsfield Park Hospital,BMI Chelsfield Park Hospital,South East,1,1,1,,,,
Hemel Hempstead NHS Hemel Hempstead General Hospital - Private Patient Unit,RWG08,Hemel Hempstead General Hospital ,Hemel Hempstead ,NHS Hemel Hempstead General Hospital - Private Patient Unit,Hemel Hempstead General Hospital - Private Patient Unit,East of England,,1,1,,N,RY414,"St Peters Ward, Hemel Hempstead General Hospital "
Manchester Spire Manchester Hospital,1-3075405928,Spire Manchester Hospital ,Manchester ,Spire Manchester Hospital,Spire Manchester Hospital,North West,1,1,1,,,,
Plymouth Plymouth Hospital,1-115574658,Nuffield Health Plymouth Hospital ,Plymouth ,Plymouth Hospital,Plymouth Hospital,South West,1,1,1,,,,
Orpington Bromley Private Patient Unit,,,Orpington ,Bromley Private Patient Unit,Bromley Private Patient Unit,South East,1,1,1,,,,
Oxford NHS Nuffield Orthopaedic Centre - Mayfair Ward,RTH03,Nuffield Orthopaedic Centre ,Oxford ,NHS Nuffield Orthopaedic Centre - Mayfair Ward,Nuffield Orthopaedic Centre - Mayfair Ward,South East,1,1,1,,N,,
Manchester The Christie Clinic,1-336444251,The Christie Clinic ,Manchester ,The Christie Clinic,The Christie Clinic,North West,1,1,1,,,,
Poole BMI The Harbour Hospital,1-128766841,BMI The Harbour Hospital ,Poole ,BMI The Harbour Hospital,BMI The Harbour Hospital,South West,1,1,1,,,,
Oxford GenesisCare Oxford,,,Oxford ,GenesisCare Oxford,GenesisCare Oxford,South East,,1,1,,,,
Northampton St. Andrew's Hospital,1-233736027,St Andrew's Healthcare - Nottinghamshire ,Northampton ,St. Andrew's Hospital,St. Andrew's Hospital,East Midlands,1,1,1,,P,,
Nottingham BMI Park Hospital,1-128767084,BMI The Park Hospital ,Nottingham ,BMI Park Hospital,BMI Park Hospital,East Midlands,1,1,1,,,,
Oxford NHS John Radcliffe Hospital - Private Patient Unit,RTH08,John Radcliffe Hospital ,Oxford ,NHS John Radcliffe Hospital - Private Patient Unit,John Radcliffe Hospital - Private Patient Unit,South East,,1,1,,N,,
Salisbury New Hall Hospital,1-128732997,New Hall Hospital ,Salisbury ,New Hall Hospital,New Hall Hospital,South West,1,1,1,,,,
Hitchin Pinehill Hospital,1-128733068,Pinehill Hospital ,Hitchin ,Pinehill Hospital,Pinehill Hospital,East of England,1,1,1,,,,
Oxford Nuffield Health – The Manor Hospital,1-115574757,Nuffield Health The Manor Hospital Oxford ,Oxford ,Nuffield Health – The Manor Hospital,Nuffield Health – The Manor Hospital,South East,,1,1,,,,
Salisbury NHS Salisbury District Hospital - Clarendon Suite,RNZ02,Salisbury District Hospital ,Salisbury ,NHS Salisbury District Hospital - Clarendon Suite,Salisbury District Hospital - Clarendon Suite,South West,,1,1,,N,,
Huntingdon NHS Hinchingbrooke Hospital - The Mulberry Suite,RGN90,Hinchingbrooke Hospital ,Huntingdon ,NHS Hinchingbrooke Hospital - The Mulberry Suite,Hinchingbrooke Hospital - The Mulberry Suite,East of England,,1,1,,N,,
Swindon BMI The Ridgeway Hospital,1-128767148,BMI The Ridgeway Hospital ,Swindon ,BMI The Ridgeway Hospital,BMI The Ridgeway Hospital,South West,1,1,1,,,,
Portsmouth GenesisCare Portsmouth,,,Portsmouth ,GenesisCare Portsmouth,GenesisCare Portsmouth,South East,,1,1,,,,
Nottingham GenesisCare Nottingham,,,Nottingham ,GenesisCare Nottingham,GenesisCare Nottingham,East Midlands,,1,1,,,,
Swindon NHS The Great Western Hospital - Private Patients’ Unit,RN325,Great Western Hospital ,Swindon ,NHS The Great Western Hospital - Private Patients’ Unit,The Great Western Hospital - Private Patients’ Unit,South West,,1,1,,N,,
Portsmouth NHS Queen Alexandra Hospital - Private Patient Unit,RHU03,Queen Alexandra Hospital ,Portsmouth ,NHS Queen Alexandra Hospital - Private Patient Unit,Queen Alexandra Hospital - Private Patient Unit,South East,,1,1,,N,,
Portsmouth Spire Portsmouth Hospital,1-129798357,Spire Portsmouth Hospital ,Portsmouth ,Spire Portsmouth Hospital,Spire Portsmouth Hospital,South East,1,1,1,,,,
Hereford Nuffield Health Hereford Hospital,1-115574537,Nuffield Health Hereford Hospital ,Hereford ,Nuffield Health Hereford Hospital,Nuffield Health Hereford Hospital,West Midlands,1,1,1,,,,
Ipswich Nuffield Health Ipswich Hospital,1-115574557,Nuffield Health Ipswich Hospital ,Ipswich ,Nuffield Health Ipswich Hospital,Nuffield Health Ipswich Hospital,East of England,1,1,1,,,,
Leeds NHS Leeds General Infirmary - Brotherton Wing,RR801,Leeds General Infirmary ,Leeds ,NHS Leeds General Infirmary - Brotherton Wing,Leeds General Infirmary - Brotherton Wing,Yorkshire and The Humber,,1,1,,N,,
Newcastle-upon-Tyne Nuffield Health Newcastle upon Tyne Hospital,1-115574618,Nuffield Health Newcastle-upon-Tyne Hospital ,Newcastle-upon-Tyne ,Nuffield Health Newcastle upon Tyne Hospital,Nuffield Health Newcastle upon Tyne Hospital,North East,1,1,1,,,,
Newcastle-under-Lyme Nuffield Health North Staffordshire Hospital,1-115574639,Nuffield Health North Staffordshire Hospital ,Newcastle-under-Lyme ,Nuffield Health North Staffordshire Hospital,Nuffield Health North Staffordshire Hospital,West Midlands,1,1,1,,,,
"Taunton NHS Taunton & Somerset Hospital, Musgrove Park - Parkside Unit",RBA11,Musgrove Park Hospital ,Taunton ,"NHS Taunton & Somerset Hospital, Musgrove Park - Parkside Unit","Taunton & Somerset Hospital, Musgrove Park - Parkside Unit",South West,,1,1,,N,,
Shrewsbury Nuffield Health Shrewsbury,1-115574678,Nuffield Health Shrewsbury Hospital ,Shrewsbury ,Nuffield Health Shrewsbury,Nuffield Health Shrewsbury,West Midlands,1,1,1,,,,
Taunton Nuffield Health Taunton Hospital,1-115574698,Nuffield Health Taunton Hospital ,Taunton ,Nuffield Health Taunton Hospital,Nuffield Health Taunton Hospital,South West,1,1,1,,,,
Stockton-on-Tees Nuffield Health Tees Hospital,1-115574718,Nuffield Health Tees Hospital ,Stockton-on-Tees ,Nuffield Health Tees Hospital,Nuffield Health Tees Hospital,North East,1,1,1,,,,
Merseyside Pall Mall Medical,1-4172442307,Pall Mall Medical Centre ,Merseyside ,Pall Mall Medical,Pall Mall Medical,North West,1,1,1,,,,
Princes Risborough BMI The Paddocks Hospital,Archived,Archived,Princes Risborough ,BMI The Paddocks Hospital,BMI The Paddocks Hospital,South East,1,1,1,,,,
Royal Leamington Spa Nuffield Health Warwickshire Hospital,1-115574798,Nuffield Health Warwickshire Hospital ,Royal Leamington Spa ,Nuffield Health Warwickshire Hospital,Nuffield Health Warwickshire Hospital,West Midlands,1,1,1,,,,
Reading Berkshire Independent Hospital,1-128733141,The Berkshire Independent Hospital ,Reading ,Berkshire Independent Hospital,Berkshire Independent Hospital,South East,1,1,1,,,,
Reading CircleReading Hospital,1-445725083,Circle Reading ,Reading ,CircleReading Hospital,CircleReading Hospital,South East,1,1,1,,,,
Wolverhampton Nuffield Health Wolverhampton,1-115574857,Nuffield Health Wolverhampton Hospital ,Wolverhampton ,Nuffield Health Wolverhampton,Nuffield Health Wolverhampton,West Midlands,1,1,1,,,,
Leeds Nuffield Health Leeds Hospital,1-115574578,Nuffield Health Leeds Hospital ,Leeds ,Nuffield Health Leeds Hospital,Nuffield Health Leeds Hospital,Yorkshire and The Humber,1,1,1,,,,
Ormskirk Renacres Hospital,1-128733087,Renacres Hospital ,Ormskirk ,Renacres Hospital,Renacres Hospital,North West,1,1,1,,,,
Kings Lynn BMI Sandringham Private Hospital,1-128767190,BMI The Sandringham Hospital ,Kings Lynn ,BMI Sandringham Private Hospital,BMI Sandringham Private Hospital,East of England,1,1,1,,,,
Reading Spire Dunedin Hospital,1-2745284068,Spire Dunedin Hospital ,Reading ,Spire Dunedin Hospital,Spire Dunedin Hospital,South East,1,1,1,,,,
Luton NHS Luton & Dunstable Hospital - The Cobham Clinic,RC971,Luton and Dunstable Hospital ,Luton ,NHS Luton & Dunstable Hospital - The Cobham Clinic,Luton & Dunstable Hospital - The Cobham Clinic,East of England,,1,1,,N,,
Norwich NHS Norfolk & Norwich University Hospital - Cringleford Ward,RM102,Norfolk and Norwich University Hospital ,Norwich ,NHS Norfolk & Norwich University Hospital - Cringleford Ward,Norfolk & Norwich University Hospital - Cringleford Ward,East of England,,1,1,,N,,
Preston Fulwood Hospital,1-128732946,Fulwood Hall Hospital ,Preston ,Fulwood Hospital,Fulwood Hospital,North West,1,1,1,,,,
Leeds Spire Leeds Hospital,1-129798228,Spire Leeds Hospital ,Leeds ,Spire Leeds Hospital,Spire Leeds Hospital,Yorkshire and The Humber,1,1,1,,,,
North Cheam Spire St. Anthony's Hospital,1-1382018165,St Anthony's Hospital ,North Cheam ,Spire St. Anthony's Hospital,Spire St. Anthony's Hospital,London,1,1,1,,,,
Northwood BMI Bishops Wood Private Hospital,1-128758337,BMI Bishops Wood Hospital ,Northwood ,BMI Bishops Wood Private Hospital,BMI Bishops Wood Private Hospital,London,1,1,1,,,,
Norwich Spire Norwich Hospital,1-129798322,Spire Norwich Hospital ,Norwich ,Spire Norwich Hospital,Spire Norwich Hospital,East of England,1,1,1,,,,
Torquay Mount Stuart Hospital Truro Duchy Hospital,1-128732982,Mount Stuart Hospital ,Torquay ,Mount Stuart Hospital Truro Duchy Hospital,Mount Stuart Hospital Truro Duchy Hospital,South West,1,1,1,,,,
Paddington NHS St. Mary’s Hospital - The Lindo Wing,RYJ01,St Mary's Hospital ,Paddington ,NHS St. Mary’s Hospital - The Lindo Wing,St. Mary’s Hospital - The Lindo Wing,London,1,1,1,,N,,
Roehampton Priory Hospital Roehampton,,,Roehampton ,Priory Hospital Roehampton,Priory Hospital Roehampton,London,,,1,,P,,
Nottingham Nottingham Woodthorpe Hospital,,,Nottingham ,Nottingham Woodthorpe Hospital,Nottingham Woodthorpe Hospital,East Midlands,1,1,1,,,,
Preston Priory Hospital Preston,,,Preston ,Priory Hospital Preston,Priory Hospital Preston,North West,1,1,1,,,,
Papworth NHS Papworth Hospital - Varrier-Jones Ward,RGMX1,Royal Papworth Hospital (Heart & Lung Specialist Site) ,Papworth ,NHS Papworth Hospital - Varrier-Jones Ward,Papworth Hospital - Varrier-Jones Ward,East of England,,1,1,,N,,
Sevenoaks Cygnet Hospital Godden Green,,,Sevenoaks ,Cygnet Hospital Godden Green,Cygnet Hospital Godden Green,South East,1,1,1,,P,,
Southgate Priory Hospital North London,,,Southgate ,Priory Hospital North London,Priory Hospital North London,London,1,1,1,,P,,
Rochdale BMI The Highfield Hospital,1-128766862,BMI The Highfield Hospital ,Rochdale ,BMI The Highfield Hospital,BMI The Highfield Hospital,North West,1,1,1,,,,
St. Johns Wood Hospital of St. John & St. Elizabeth,1-115480780,Hospital of St John & St Elizabeth ,St. Johns Wood ,Hospital of St. John & St. Elizabeth,Hospital of St. John & St. Elizabeth,London,,1,1,,,,
Salford Oaklands Hospital,1-128733032,Oaklands Hospital ,Salford ,Oaklands Hospital,Oaklands Hospital,North West,1,1,1,,,,
Leeds Spire Methley Park Hospital,1-2745185984,Spire Methley Park Hospital ,Leeds ,Spire Methley Park Hospital,Spire Methley Park Hospital,Yorkshire and The Humber,1,1,1,,,,
Peterborough Fitzwilliam Hospital,1-128732743,Fitzwilliam Hospital ,Peterborough ,Fitzwilliam Hospital,Fitzwilliam Hospital,East of England,1,1,1,,,,
Stafford Rowley Hospital,1-128732964,Rowley Hall Hospital ,Stafford ,Rowley Hospital,Rowley Hospital,West Midlands,1,1,1,,,,
St. Johns Wood The Wellington Hospital,1-126955711,The Wellington Hospital ,St. Johns Wood ,The Wellington Hospital,The Wellington Hospital,London,,,1,,,,
Slough Spire Thames Valley Hospital,1-2745569338,Spire Thames Valley Hospital ,Slough ,Spire Thames Valley Hospital,Spire Thames Valley Hospital,South East,1,1,1,,,,
Truro Duchy Hospital,1-128732707,Duchy Hospital ,Truro ,Duchy Hospital,Duchy Hospital,South West,1,1,1,,,,
Peterborough Orthopaedic & Spine Specialist Hospital,1-131348963,Orthopaedics and Spine Specialist Hospital ,Peterborough ,Orthopaedic & Spine Specialist Hospital,Orthopaedic & Spine Specialist Hospital,East of England,1,1,1,,,,
Redbridge Spire London East Hospital,1-129798374,Spire London East Hospital ,Redbridge ,Spire London East Hospital,Spire London East Hospital,East of England,,1,1,,,,
St. Helen’s Fairfield Independent Hospital,1-114621322,Fairfield Independent Hospital ,St. Helen’s ,Fairfield Independent Hospital,Fairfield Independent Hospital,North West,,1,1,,,,
Slough NHS Wexham Park Hospital - Paragon Suite,RDU50,Wexham Park Hospital ,Slough ,NHS Wexham Park Hospital - Paragon Suite,Wexham Park Hospital - Paragon Suite,South East,,1,1,,N,,
Southampton Spire Southampton Hospital,1-129798412,Spire Southampton Hospital ,Southampton ,Spire Southampton Hospital,Spire Southampton Hospital,South East,1,1,1,,,,
Scarborough NHS Scarborough Hospital - Private Patient Unit,RCBCA,Scarborough Hospital ,Scarborough ,NHS Scarborough Hospital - Private Patient Unit,Scarborough Hospital - Private Patient Unit,Yorkshire and The Humber,,1,1,,N,,
Warrington Spire Cheshire Hospital,1-129798153,Spire Cheshire Hospital ,Warrington ,Spire Cheshire Hospital,Spire Cheshire Hospital,North West,1,1,1,,,,
Southampton GenesisCare Southampton,,,Southampton ,GenesisCare Southampton,GenesisCare Southampton,South East,,1,1,,,,
Romford Harley Street at Queen's Hospital,RF4QH,Queen's Hospital ,Romford ,Harley Street at Queen's Hospital,Harley Street at Queen's Hospital,East of England,1,1,1,,N,,
Sawbridgeworth Rivers Hospital,1-128733105,Rivers Hospital ,Sawbridgeworth ,Rivers Hospital,Rivers Hospital,East of England,1,1,1,,,,
Sheffield BMI Thornbury Hospital,1-128767375,BMI Thornbury Hospital ,Sheffield ,BMI Thornbury Hospital,BMI Thornbury Hospital,Yorkshire and The Humber,1,1,1,,,,
Sheffield Claremont Private Hospital,1-1890547322,Claremont Hospital ,Sheffield ,Claremont Private Hospital,Claremont Private Hospital,Yorkshire and The Humber,1,1,1,,,,
Nottingham Priory Clinic Nottingham,,,Nottingham ,Priory Clinic Nottingham,Priory Clinic Nottingham,East Midlands,1,1,1,,P,,
Whitehaven NHS West Cumberland Hospital – The Cumbrian Clinic,RNLBX,West Cumberland Hospital ,Whitehaven ,NHS West Cumberland Hospital – The Cumbrian Clinic,West Cumberland Hospital – The Cumbrian Clinic,North West,1,1,1,,N,,
Southend-on-Sea BMI Southend Hospital,1-5462921034,BMI Southend Private Hospital ,Southend-on-Sea ,BMI Southend Hospital,BMI Southend Hospital,East of England,1,1,1,,,,
Wigan NHS Wrightington Hospital - John Charnley Wing,RRF53,Wrightington Hospital ,Wigan ,NHS Wrightington Hospital - John Charnley Wing,Wrightington Hospital - John Charnley Wing,North West,,1,1,,N,,
Sheffield Riverdale Grange,,,Sheffield ,Riverdale Grange,Riverdale Grange,Yorkshire and The Humber,1,1,1,,P,,
Wirral NHS Arrowe Park Hospital - Park Suite,RBL14,Arrowe Park Hospital ,Wirral ,NHS Arrowe Park Hospital - Park Suite,Arrowe Park Hospital - Park Suite,North West,,1,1,,N,,
Southend-on-Sea Spire Wellesley Hospital,1-129798487,Spire Wellesley Hospital ,Southend-on-Sea ,Spire Wellesley Hospital,Spire Wellesley Hospital,East of England,1,1,1,,,,
Nottingham Spire Nottingham Hospital,1-3222321660,Spire Nottingham Hospital ,Nottingham ,Spire Nottingham Hospital,Spire Nottingham Hospital,East Midlands,1,1,1,,,,
Solihull Spire Parkway Hospital,1-129798341,Spire Parkway Hospital ,Solihull ,Spire Parkway Hospital,Spire Parkway Hospital,West Midlands,1,1,1,,,,
Southampton Priory Hospital Marchwood,,,Southampton ,Priory Hospital Marchwood,Priory Hospital Marchwood,South East,1,1,1,,P,,
Wirral NHS The Clatterbridge Clinic,1-591968389,The Clatterbridge Clinic ,Wirral ,NHS The Clatterbridge Clinic,The Clatterbridge Clinic,North West,,1,1,,,,
Worcester Spire South Bank Hospital,1-129798393,Spire South Bank Hospital ,Worcester ,Spire South Bank Hospital,Spire South Bank Hospital,West Midlands,1,1,1,,,,
St. Leonards-on-Sea Spire Sussex Hospital,1-129798431,Spire Sussex Hospital ,St. Leonards-on-Sea ,Spire Sussex Hospital,Spire Sussex Hospital,South East,1,1,1,,,,
Stanmore NHS Royal National Orthopaedic Hospital - Ian Monro Ward,RAN02,Royal National Orthopaedic Hospital (Bolsover Street)  (Specialist Site) ,Stanmore ,NHS Royal National Orthopaedic Hospital - Ian Monro Ward,Royal National Orthopaedic Hospital - Ian Monro Ward,London,,1,1,,N,,
Tunbridge Wells Nuffield Health Tunbridge Wells Hospital,1-115574778,Nuffield Health Tunbridge Wells Hospital ,Tunbridge Wells ,Nuffield Health Tunbridge Wells Hospital,Nuffield Health Tunbridge Wells Hospital,South East,1,1,1,,,,
Tunbridge Wells Spire Tunbridge Wells Hospital,1-129798450,Spire Tunbridge Wells Hospital ,Tunbridge Wells ,Spire Tunbridge Wells Hospital,Spire Tunbridge Wells Hospital,South East,1,1,1,,,,
Tunbridge Wells NHS The Tunbridge Wells Hospital at Pembury - The Wells Suite,RWFTW,The Tunbridge Wells Hospital at Pembury ,Tunbridge Wells ,NHS The Tunbridge Wells Hospital at Pembury - The Wells Suite,The Tunbridge Wells Hospital at Pembury - The Wells Suite,South East,,1,1,,N,,
Wadhurst The Priory Ticehurst House,,,Wadhurst ,The Priory Ticehurst House,The Priory Ticehurst House,South East,1,1,1,,P,,
Washington Spire Washington Hospital,1-129798468,Spire Washington Hospital ,Washington ,Spire Washington Hospital,Spire Washington Hospital,North East,1,1,1,,,,
Suffolk GenesisCare Cambridge,,,Suffolk ,GenesisCare Cambridge,GenesisCare Cambridge,East of England,,1,1,,,,
Watford NHS Watford General Hospital - The Knutsford Suite,RWG02,Watford General Hospital ,Watford ,NHS Watford General Hospital - The Knutsford Suite,Watford General Hospital - The Knutsford Suite,East of England,,1,1,,N,,
Sleaford Ferdowse Clinic,,,Sleaford ,Ferdowse Clinic,Ferdowse Clinic,East Midlands,1,1,1,,P,,
York Clifton Park Hospital,1-5587637271,Clifton Park Hospital ,York ,Clifton Park Hospital,Clifton Park Hospital,Yorkshire and The Humber,1,1,1,,,,
Middlesbrough Tees Valley NHS Treatment Centre,1-4481543105,Tees Valley Hospital ,Middlesbrough ,Tees Valley NHS Treatment Centre,Tees Valley NHS Treatment Centre,North East,1,1,1,,,,
Walderslade Spire Alexandra Hospital,1-129783078,Spire Alexandra Hospital ,Walderslade ,Spire Alexandra Hospital,Spire Alexandra Hospital,South East,1,1,1,,,,
Wirral Spire Murrayfield Hospital Wirral,1-129798303,Spire Murrayfield Hospital ,Wirral ,Spire Murrayfield Hospital Wirral,Spire Murrayfield Hospital Wirral,North West,1,1,1,,,,
Winchester BMI Sarum Road Hospital,1-128767211,BMI Sarum Road Hospital ,Winchester ,BMI Sarum Road Hospital,BMI Sarum Road Hospital,South East,1,1,1,,,,
Welwyn Garden City NHS Queen Elizabeth II Hospital - Elizabeth House,RWH20,Queen Elizabeth II Hospital ,Welwyn Garden City ,NHS Queen Elizabeth II Hospital - Elizabeth House,Queen Elizabeth II Hospital - Elizabeth House,East of England,,1,1,,N,,
Windsor BMI The Princess Margaret Hospital,1-128767105,BMI The Princess Margaret Hospital ,Windsor ,BMI The Princess Margaret Hospital,BMI The Princess Margaret Hospital,South East,1,1,1,,,,
Stepney Green BMI The London Independent Hospital,1-128766965,BMI The London Independent Hospital ,Stepney Green ,BMI The London Independent Hospital,BMI The London Independent Hospital,London,1,1,1,,,,
Sutton NHS The Royal Marsden Hospital – Private Patient Unit,RPY01,The Royal Marsden - London  (Specialist Site) ,Sutton ,NHS The Royal Marsden Hospital – Private Patient Unit,The Royal Marsden Hospital – Private Patient Unit,London,,1,1,,N,,
Windsor The Cardinal Clinic,,,Windsor ,The Cardinal Clinic,The Cardinal Clinic,South East,1,1,1,,P,,
Woking Nuffield Health Woking Hospital,1-115574838,Nuffield Health Woking Hospital ,Woking ,Nuffield Health Woking Hospital,Nuffield Health Woking Hospital,South East,1,1,1,,,,
Woking The Priory Hospital Woking,,,Woking ,The Priory Hospital Woking,The Priory Hospital Woking,South East,1,1,1,,P,,
Weston-Super-Mare NHS Weston General Hospital - Waterside Suite,RA301,Weston General Hospital ,Weston-Super-Mare ,NHS Weston General Hospital - Waterside Suite,Weston General Hospital - Waterside Suite,South West,,1,1,,N,,
Westminster Weymouth Hospital,1-129508000,Weymouth Hospital ,Westminster ,Weymouth Hospital,Weymouth Hospital,London,1,1,1,,,,
Worthing BMI Goring Hall Hospital,1-128766799,BMI Goring Hall Hospital ,Worthing ,BMI Goring Hall Hospital,BMI Goring Hall Hospital,South East,1,1,1,,,,
Worthing NHS Worthing Hospital - Downlands Suite,RYR18,Worthing Hospital ,Worthing ,NHS Worthing Hospital - Downlands Suite,Worthing Hospital - Downlands Suite,South East,,1,1,,N,,
York Nuffield Health York Hospital,1-115574877,Nuffield Health York Hospital ,York ,Nuffield Health York Hospital,Nuffield Health York Hospital,Yorkshire and The Humber,1,1,1,,,,
Wimbledon Parkside Hospital,1-1890547068,Parkside Hospital ,Wimbledon ,Parkside Hospital,Parkside Hospital,London,1,1,1,,,,
Halesowen West Midlands Hospital,1-128733177,West Midlands Hospital ,Halesowen ,West Midlands Hospital,West Midlands Hospital,West Midlands,1,1,1,,,,
Wimbledon Parkside Oncology Clinic,,,Wimbledon ,Parkside Oncology Clinic,Parkside Oncology Clinic,London,1,1,1,,,,
Yeovil NHS Yeovil District Hospital – The Kingston Wing,RA430,Yeovil District Hospital ,Yeovil ,NHS Yeovil District Hospital – The Kingston Wing,Yeovil District Hospital – The Kingston Wing,South West,1,1,1,,N,,
Edgbaston Woodbourne Priory,,,Edgbaston ,Woodbourne Priory,Woodbourne Priory,West Midlands,1,1,1,,,,
Worksop Abbeymoor Eating Disorders Unit,,,Worksop ,Abbeymoor Eating Disorders Unit,Abbeymoor Eating Disorders Unit,East Midlands,1,1,1,,P,,
York The Retreat,,,York ,The Retreat,The Retreat,Yorkshire and The Humber,1,1,1,,P,,
